-- MariaDB dump 10.17  Distrib 10.4.11-MariaDB, for Win64 (AMD64)
--
-- Host: localhost    Database: utmir_raptornet
-- ------------------------------------------------------
-- Server version	10.4.11-MariaDB

/*!40101 SET @OLD_CHARACTER_SET_CLIENT=@@CHARACTER_SET_CLIENT */;
/*!40101 SET @OLD_CHARACTER_SET_RESULTS=@@CHARACTER_SET_RESULTS */;
/*!40101 SET @OLD_COLLATION_CONNECTION=@@COLLATION_CONNECTION */;
/*!40101 SET NAMES utf8mb4 */;
/*!40103 SET @OLD_TIME_ZONE=@@TIME_ZONE */;
/*!40103 SET TIME_ZONE='+00:00' */;
/*!40014 SET @OLD_UNIQUE_CHECKS=@@UNIQUE_CHECKS, UNIQUE_CHECKS=0 */;
/*!40014 SET @OLD_FOREIGN_KEY_CHECKS=@@FOREIGN_KEY_CHECKS, FOREIGN_KEY_CHECKS=0 */;
/*!40101 SET @OLD_SQL_MODE=@@SQL_MODE, SQL_MODE='NO_AUTO_VALUE_ON_ZERO' */;
/*!40111 SET @OLD_SQL_NOTES=@@SQL_NOTES, SQL_NOTES=0 */;

--
-- Table structure for table `estados_mexico`
--

DROP TABLE IF EXISTS `estados_mexico`;
/*!40101 SET @saved_cs_client     = @@character_set_client */;
/*!40101 SET character_set_client = utf8 */;
CREATE TABLE `estados_mexico` (
  `id_estado_mexico` bigint(20) NOT NULL AUTO_INCREMENT,
  `estado` varchar(255) COLLATE utf8_spanish_ci DEFAULT NULL,
  PRIMARY KEY (`id_estado_mexico`)
) ENGINE=InnoDB AUTO_INCREMENT=34 DEFAULT CHARSET=utf8 COLLATE=utf8_spanish_ci;
/*!40101 SET character_set_client = @saved_cs_client */;

--
-- Dumping data for table `estados_mexico`
--

LOCK TABLES `estados_mexico` WRITE;
/*!40000 ALTER TABLE `estados_mexico` DISABLE KEYS */;
INSERT INTO `estados_mexico` VALUES (1,'Aguascalientes'),(2,'Baja California'),(3,'Baja California Sur'),(4,'Campeche'),(5,'Coahuila de Zaragoza'),(6,'Colima'),(7,'Chiapas'),(8,'Chihuahua'),(9,'Distrito Federal'),(10,'Durango'),(11,'Guanajuato'),(12,'Guerrero'),(13,'Hidalgo'),(14,'Jalisco'),(15,'México'),(16,'Michoacán de Ocampo'),(17,'Morelos'),(18,'Nayarit'),(19,'Nuevo León'),(20,'Oaxaca de Juárez'),(21,'Puebla'),(22,'Querétaro'),(23,'Quintana Roo'),(24,'San Luis Potosí'),(25,'Sinaloa'),(26,'Sonora'),(27,'Tabasco'),(28,'Tamaulipas'),(29,'Tlaxcala'),(30,'Veracruz de Ignacio de la Llave'),(31,'Yucatán'),(32,'Zacatecas'),(33,'Otro');
/*!40000 ALTER TABLE `estados_mexico` ENABLE KEYS */;
UNLOCK TABLES;

--
-- Table structure for table `matricula_roles`
--

DROP TABLE IF EXISTS `matricula_roles`;
/*!40101 SET @saved_cs_client     = @@character_set_client */;
/*!40101 SET character_set_client = utf8 */;
CREATE TABLE `matricula_roles` (
  `matricula_id` varchar(255) COLLATE utf8_spanish_ci NOT NULL,
  `role_id` int(11) NOT NULL,
  PRIMARY KEY (`matricula_id`,`role_id`),
  KEY `FK1umcxad67llyj80yjfydihbn4` (`role_id`),
  CONSTRAINT `FK1umcxad67llyj80yjfydihbn4` FOREIGN KEY (`role_id`) REFERENCES `utmir_roles` (`id`),
  CONSTRAINT `FKmvvccnq2vgom06unfjy29rnl0` FOREIGN KEY (`matricula_id`) REFERENCES `utmir_info_personal` (`matricula`)
) ENGINE=InnoDB DEFAULT CHARSET=utf8 COLLATE=utf8_spanish_ci;
/*!40101 SET character_set_client = @saved_cs_client */;

--
-- Dumping data for table `matricula_roles`
--

LOCK TABLES `matricula_roles` WRITE;
/*!40000 ALTER TABLE `matricula_roles` DISABLE KEYS */;
INSERT INTO `matricula_roles` VALUES ('164',1),('177',4),('179',3),('2403001',2),('2403002',2),('2403003',2),('2403004',2),('2403005',2),('2403006',2),('2403007',2),('2403008',2),('2403009',2),('2403010',2),('2403011',2),('2403012',2),('2403013',2),('2403014',2),('2403015',2),('2403016',2),('2403017',2),('2403018',2),('2403019',2),('2403020',2),('2403021',2),('2403022',2),('2403023',2),('2403024',2),('2403025',2),('2403026',2),('2403027',2),('2403028',2),('2403029',2),('2403030',2),('2403031',2),('2403032',2),('2403033',2),('2403034',2),('2403035',2),('2403036',2),('2403037',2),('2403038',2),('2403039',2),('2403040',2),('2403041',2),('2403042',2),('2403043',2),('2403044',2),('2403045',2),('2403046',2),('2403047',2),('2403048',2),('2403049',2),('2403050',2),('2403051',2),('2403052',2),('2403053',2),('2403054',2),('2403055',2),('2403056',2),('2403057',2),('2403058',2),('2403059',2),('2403060',2),('2403061',2),('2403062',2),('2403063',2),('2403064',2),('2403065',2),('2403066',2),('2403067',2),('2403068',2),('2403069',2),('2403070',2),('2403071',2),('2403072',2),('2403073',2),('2403074',2),('2403075',2),('2403076',2),('2403077',2),('2403078',2),('2403079',2),('2403080',2),('2403081',2),('2403082',2),('2403083',2),('2403084',2),('2403085',2),('2403086',2),('2403087',2),('2403088',2),('2403089',2),('2403090',2),('2403091',2),('2403092',2),('2403093',2),('2403094',2),('2403095',2),('2403096',2),('2403097',2),('2403098',2),('2403099',2),('2403100',2),('2403101',2),('2403102',2),('2403103',2),('2403104',2),('2403105',2),('2403106',2),('2403107',2),('2403108',2),('2403109',2),('2403110',2),('2403111',2),('2403112',2),('2403113',2),('2403114',2),('2403115',2),('2403116',2),('2403117',2),('2403118',2),('2403119',2),('2403120',2),('2403121',2),('2403122',2),('2403123',2),('2403124',2),('2403125',2),('2403126',2),('2408',4),('2408F',3),('35',3),('65',5),('91',4),('93',4);
/*!40000 ALTER TABLE `matricula_roles` ENABLE KEYS */;
UNLOCK TABLES;

--
-- Table structure for table `utmir_antecedentes_academicos`
--

DROP TABLE IF EXISTS `utmir_antecedentes_academicos`;
/*!40101 SET @saved_cs_client     = @@character_set_client */;
/*!40101 SET character_set_client = utf8 */;
CREATE TABLE `utmir_antecedentes_academicos` (
  `id_antecedentes_academicos` bigint(20) NOT NULL AUTO_INCREMENT,
  `nombre_bachillerato` varchar(255) COLLATE utf8_spanish_ci DEFAULT NULL,
  `periodo_bachillerato` varchar(255) COLLATE utf8_spanish_ci DEFAULT NULL,
  `promedio_bachillerato` varchar(255) COLLATE utf8_spanish_ci DEFAULT NULL,
  `matricula` varchar(255) COLLATE utf8_spanish_ci DEFAULT NULL,
  `id_carrera_1` bigint(20) DEFAULT NULL,
  `id_carrera_2` bigint(20) DEFAULT NULL,
  PRIMARY KEY (`id_antecedentes_academicos`),
  UNIQUE KEY `UK_s3yw57f85ypkxmdg6gb9tmnrm` (`matricula`),
  KEY `FKf1nxuxexk4s8cj09ib5uule1m` (`id_carrera_1`),
  KEY `FKf718u9lt2f0vdm2cfxwd6ku37` (`id_carrera_2`),
  CONSTRAINT `FKf1nxuxexk4s8cj09ib5uule1m` FOREIGN KEY (`id_carrera_1`) REFERENCES `utmir_catalogo_carreras` (`id_carrera`),
  CONSTRAINT `FKf718u9lt2f0vdm2cfxwd6ku37` FOREIGN KEY (`id_carrera_2`) REFERENCES `utmir_catalogo_carreras` (`id_carrera`),
  CONSTRAINT `FKhjdhjrw87h8xscjtk59dbak3x` FOREIGN KEY (`matricula`) REFERENCES `utmir_info_personal` (`matricula`)
) ENGINE=InnoDB AUTO_INCREMENT=127 DEFAULT CHARSET=utf8 COLLATE=utf8_spanish_ci;
/*!40101 SET character_set_client = @saved_cs_client */;

--
-- Dumping data for table `utmir_antecedentes_academicos`
--

LOCK TABLES `utmir_antecedentes_academicos` WRITE;
/*!40000 ALTER TABLE `utmir_antecedentes_academicos` DISABLE KEYS */;
INSERT INTO `utmir_antecedentes_academicos` VALUES (1,'CENTRO DE ESTUDIOS DE BACHILLERATO CEB 5/4 PROF. RAFAEL RAMIREZ','8.9','2019-2022','2403001',4,3),(2,'BACHILLERATO DIGITAL DE LA CIUDAD DE MEXICO BADI','8.5','2013-2015','2403002',12,5),(3,'CENTRO DE BACHILLERATO TECNOLOGICO INDUSTRIAL Y DE SERVICIOS 286','7.4','2020-2023','2403003',4,3),(4,'CECYTEH PLANTEL MEZTITLAN','9.1','2020 2023','2403004',4,3),(5,'CENTRO DE BACHILLERATO TECNOLOGICO INDUSTRIAL Y DE SERVICIOS NO. 286','8.1','2021-2024','2403005',12,5),(6,'COLEGIO DE ESTUDIOS CIENTIFICOS Y TECNOLOGICOS DEL ESTADO DE HIDALGO','8.5','2020 2023','2403006',4,3),(7,'CENTRO DE ESTUDIOS CIENTIFICOS Y TECNOLOGICOS NO.16 \"HIDALGO\"','8.7','2021-2024','2403007',1,4),(8,'COLEGIO NACIONAL DE EDUCACION PROFESIONAL TECNICA ','9.2','2021-2023','2403008',1,5),(9,'COBAEH MINERAL DE LA REFORMA','9.7','2020-2023','2403009',3,4),(10,'CBTIS 8','9.3','2021-2024','2403010',12,5),(11,'INSTITUTO TECNOLOGICO LATINOAMERICANO','8.7','2021-2024','2403011',4,3),(12,'CONALEP VILLA DE TEZONTEPEC','9.7','2021-2024','2403012',4,3),(13,'CONALEP VILLA DE TEZONTEPEC','9.8','2021-2024','2403013',4,3),(14,'COLEGIO DE BACHILLERES DEL ESTADO DE HIDALGO','9.2','2020-2023','2403014',3,5),(15,'ESCUELA PREPARATORIA NUMERO CUATRO','8.3','2020-2023','2403015',5,1),(16,'CONALEP PLANTEL PACHUCA I','7.9','2017-2023','2403016',12,3),(17,'CENTRO DE ESTUDIOS DE BACHILLERATO CEB 5/4','7.7','2018-2021','2403017',12,4),(18,'COLEGIO DE ESTUDIOS CIENTIFICOS Y TECNOLOGICOS DEL ESTADO DE HIDALGO ','8.9','2020-2023','2403019',4,3),(19,'CONALEP PLANTEL PACHUCA 1','8.2','2020-2023','2403018',4,12),(20,'CENTRO DE BACHILLERATO TECNOLOGICO INDUSTRIAL Y DE SERVICIOS NO. 8','7.4','2019-2022','2403021',12,3),(21,'CBTIS286','8.0','2023','2403020',9,1),(22,'COBAEM COLEGIO DE BACHILLERES DEL ESTADO DE MEXICO','7.1','2002-2005','2403022',4,3),(23,'CBTIS 286','7.0','2020-2023','2403024',5,12),(24,'COBAEH MINERAL DE LA REFORMA','8.9','2016-2019','2403023',4,5),(25,'CENTRO DE BACHILLERATO TECNOLOGICO INDUSTRIAL Y DE SERVICIOS NO. 8','8.0','2000-2003','2403025',4,3),(26,'ESCUELA PREPARATORIA NUMERO CUATRO ','8.0','2020-2023','2403026',5,4),(27,'COBAE TIZAYUCA ','8.4','2020/2023','2403027',3,4),(28,'COLEGIO DE BACHILLERES DEL ESTADO DE HIDALGO ','8.0','2016-2019','2403028',12,4),(29,'CECYT 16 IPN','7.35','2021-2024','2403029',3,4),(30,'COLEGIO DE BACHILLERES DEL ESTADO DE HIDALGO','8.4','2022-2024','2403030',12,3),(31,'CECYTEH PLANTEL PACHUCA','7.5','2021-2024','2403031',12,4),(32,'CENTRO DE BACHILLERATO TECNOLOGICO INDUSTRIAL Y DE SERVICIOS NO. 286','8.5','2021-2024','2403032',5,12),(33,'CONALEP','8.9','2019-2023','2403033',4,5),(34,'CENTRO DE BACHILLERATO TECNOLOGICO INDUSTRIAL Y DE SERVICIOS NO. 286','8.0','2021-2024','2403034',4,5),(35,'COLEGIO DE ESTUDIOS CIENTIFICOS Y TECNOLOGICOS DEL ESTADO DE HIDALGO ','7.8','2015-2018','2403035',5,4),(36,'CENTRO DE BACHILLERATO TECNOLOGICO INDUSTRIAL Y DE SERVICIOS NO. 59','8.0','2018-2022','2403036',12,5),(37,'CONALEP PACHUCA II','9.3','2018   / 2024','2403038',3,4),(38,'CONALEP PACHUCA 2','9.6','2018-2024','2403037',3,4),(39,'PREPARATORIA NUMERO UNO','8.2','2019-2023','2403039',4,3),(40,'COLEGIO DE BACHILLERES DEL ESTADO DE HIDALGO CEMSAD LA PROVIDENCIA ','9.0','2020-2023','2403041',4,3),(41,'CECYTEH PLANTEL PACHUCA ','7.8','2019-2022','2403040',4,5),(42,'CONALEP PLANTEL PACHUCA I','9.0','2021-2024','2403042',5,3),(43,'CENTRO DE BACHILLERATO TECNOLOGICO INDUSTRIAL Y DE SERVICIOS N° 222','8.0','2021-2024','2403043',4,9),(44,'CENTRO DE BACHILLERATO TECNOLOGICO INDUSTRIAL Y DE SERVICIOS NO. 286','8.2','2021-2024','2403044',4,3),(45,'UNIGES','8.5','2021-2023','2403045',4,12),(46,'PREPARATORIA NUMERO 3 ','8.8','2021-2024','2403046',4,3),(47,'CECYTHE PLANTEL PACHUCA ','8.6','2020-2023','2403047',12,1),(48,'CECYTEH PLANTEL PACHUCA','8.1','2020-2023','2403049',4,3),(49,'COLEGIO DE ESTUDIOS CIENTIFICOS Y TECNOLOGICOS DEL ESTADO DE HIDALGO ','7.6','2020-2023','2403048',4,3),(50,'CENTRO DE BACHILLERATO TECNOLOGICO INDUSTRIAL Y DE SERVICIOS NO. 8','9.0','2019-2022','2403050',5,12),(51,'COLEGIO DE BACHILLERES DEL ESTADO DE HIDALGO','6.8','2002','2403051',4,3),(52,'CEMSAD TLANALAPA ','9.0','2021-2024','2403052',4,3),(53,'COLEGIO DE ESTUDIOS CIENTIFICOS Y TECNOLOGICOS DEL ESTADO DE HIDALGO ','8.9','2021-2024','2403053',4,3),(54,'CONALEP','7.8','2020-2023','2403054',4,3),(55,'PREPARATORIA NUMERO 3 ','8.63','2022-2024','2403055',4,3),(56,'CENTRO DE BACHILLERATO TECNOLOGICO INDUSTRIAL Y DE SERVICIOS NO.8','8.0','2021-2024','2403056',4,3),(57,'CENTRO DE BACHILLERATO TECNOLOGICO INDUSTRIAL Y DE SERVICIOS NO.194, CBTIS.194','8.5','2021-2024','2403057',12,1),(58,'UNIVERSIDAD BANCARIA DE MEXICO','8.0','2016-2019','2403058',5,12),(59,'CENTRO DE BACHILLERATO TECNOLOGICO INDUSTRIAL Y DE SERVICIOS NO. 286','8.0','2020-2024','2403059',12,3),(60,'CENTRO DE BACHILLERATO TECNOLOGICO INDUSTRIAL Y DE SERVICIOS NO. 286','7.2','2021-2024','2403060',12,9),(61,'CENTRO DE BACHILLERATO TECNOLOGICO INDUSTRIAL Y DE SERVICIOS NO. 222','8.0','2019/2022','2403061',4,3),(62,'COBAEH','9.1','2020-2022','2403062',3,12),(63,'COLEGIO DE ESTUDIOS CIENTIFICOS Y TECNOLOGICOS DEL ESTADO DE HIDALGO CECYTEH PLANTEL PACHUCA','8.0','2020-2023','2403063',4,3),(64,'CENTRO DE BACHILLERATO TECNOLOGICO INDUSTRIAL Y DE SERVICIOS NO. 286','7.8','2021-2024','2403064',9,12),(65,'CENTRO DE BACHILLERATO TECNOLOGICO INDUSTRIAL Y DE SERVICIOS NO. 222','8.0','2021-2024','2403065',9,12),(66,'CENTRO DE BACHILLERATO TECNOLOGICO NO.286','7.3','2021-2024','2403066',12,3),(67,'CUAP','9.2','2021-2024','2403067',5,4),(68,'BADI','6.9','2021-2023','2403068',3,9),(69,'CENTRO DE BACHILLERATO TECNOLOGICO INDUSTRIAL Y DE SERVICIOS NO 179','7.4','2020-2023','2403069',12,1),(70,'CBTIS 8','7.0','2021-2024','2403070',3,1),(71,'CENTRO DE BACHILLERATO INDUSTRIAL Y DE SERVICIOS 286Y ','8.3','2020-2023','2403071',3,4),(72,'UNIVERSIDAD AUTONOMA DEL ESTADO DE HIDALGO-PREPA 3','8.6','2020-2023','2403072',12,1),(73,'COBAEH PLANTEL MINERAL DE LA REFORMA','8.9','2021-2024','2403073',4,12),(74,'COLEGIO DE ESTUDIOS CIENTIFICOS Y TECNOLOGICOS DEL ESTADO DE HIDALGO ','9.2','2020-2023','2403074',4,3),(75,'CENTRO DE BACHILERATO TECNOLOGICO NO.286','6.7','2020-2023','2403075',3,4),(76,'CECYTEH PLANTEL MINERAL DE LA REFORMA','8.3','2019-2022','2403076',1,4),(77,'COLEGIO DE ESTUDIOS CIENTIFICOS Y TECNOLOGICOS DEL ESTADO DE HIDALGO ','7.4','2020-2023 ','2403077',4,3),(78,'CECYTEH PLANTE IXMIQUILPAN EL MAYE ','7.8','2020-2023','2403078',4,3),(79,'COLEGIO DE ESTUDIOS CIENTIFICOS Y TECNOLOGICOS DEL ESTADO DE HIDALGO ','8.9','2020-2023','2403079',4,3),(80,'CBTIS 8','7.3','2021 -2024','2403080',3,4),(81,'CUAP ','8.7','2020-2023','2403081',5,4),(82,'CETIS 152 ','8.0','2020-2023','2403082',5,12),(83,'COBAEH PLANTEL TOLCAYUCA','9.7','2021-2024','2403083',4,12),(84,'ESCUELA PREPARATORIA NUMERO UNO ','8.66','2018-2021','2403084',4,3),(85,'CENTRO DE BACHILLERATO TECNOLOGICO INDUSTRIAL Y DE SERVICIOS NO. 286','8.3','2019-2022','2403085',12,5),(86,'CONALEP PLANTEL PACHUCA 1','9.0','2021-2024','2403086',12,5),(87,'COBAEH PLANTEL TOLCAYUCA ','9.7','2021-2024','2403087',4,3),(88,'CENTRO DE BACHILLERATO TECNOGICO AGROPECUARIO NO.152','7.7','2021-2024','2403088',5,4),(89,'CENTRO DE BACHILLERATO TECNOLOGICO INDUSTRIAL Y DE SERVICIOS NO. 222','7.2','2022-2024','2403089',12,3),(90,'CBTIS NO.8 ','8.0','2021-2024','2403090',5,12),(91,'COLEGIO NACIONAL DE EDUCACION PROFECIONAL TECNICA II','8.5','2020-2023','2403091',12,4),(92,'CONALEP VILLA DE TEZONTEPEC','9','2021-2024','2403092',4,12),(93,'ITLA','7.4','2017-2020','2403093',12,3),(94,'UNIVERSIDAD GRUPO ISIMA ','9.0','2022-2024','2403094',4,3),(95,'CENTRO DE BACHILLERATO TECNOLOGICO INDUSTRIAL Y DE SERVICIOS NUMERO 05 VICENTE ORDONEZ RANGEL ','8.3','2020-2023','2403095',1,4),(96,'AV QUETZAL NO. 1001 ESQ. CAMINO LA CALERA, LA PROVIDENCIA FRACC. PASEOS DE CHAVARRIA MINERAL DE LA REFORMA HGO CBTIS 286','8.8','2017 -2020','2403096',4,9),(97,'INSTITUTO ENLACE EMPRESARIAL','9.2','2022-2023','2403097',9,1),(98,'PREPARATORIA NUMERO UNO','9.2','2021-2024','2403098',3,5),(99,'COBAEH PLANTEL CUAUTEPEC','8.5','2021-2024','2403099',4,12),(100,'CENTRO DE BACHILLERATO TECNOLOGICO INDUSTRIAL Y DE SERVICIOS NUMERO 199','8.4','2021-2024','2403100',12,4),(101,'CENTRO DE BACHILLERATO TECNOLOGICO INDUSTRIAL Y DE SERVICIOS NO.199','8.6','2021-2024','2403101',12,4),(102,'CENTRO DE BACHILLERATO TECNOLOGICO INDUSTRIAL Y DE SERVICIOS NO. 199','8.9','2021-2024','2403102',12,1),(103,'CENTRO DE BACHILLERATO TECNOLOGICO INDUSTRIAL Y DE SERVICIOS NO. 8','7.2','2021-2024','2403103',4,3),(104,'COLEGIO DE BACHILLERES DEL ESTADO DE HIDALGO PLANTEL ZEMPOALA','8.5','2021-2024','2403104',1,3),(105,'CECYTEH PLANTEL MINERAL DE EL CHICO','8.5','2021-2024','2403105',12,5),(106,'COLEGIO DE BACHILLERES DEL ESTADO DE HIDALGO ','7.2','2020-2023','2403106',5,9),(107,'CBTIS 286 MINERAL DE LA REFORMA','8.5','2021-2024','2403107',5,12),(108,'COBAEH TIZAYUCA','9.0','2021-2024','2403108',4,9),(109,'CONALEP PLANTEL PACHUCA I','8.9','1 septiembre 2020','2403109',5,9),(110,'COLEGIO DE BACHILLERES DEL ESTADO DE HIDALGO LA PROVIDENCIA','9.2','2021-2024','2403110',4,3),(111,'CBTIS 286 MINERAL DE LA REFORMA','8.5','2021-2024','2403111',4,3),(112,'CECYTEH PANTEL PACHUCA','8.9','2020-2023','2403112',4,3),(113,'COLEGIO DE BACHILLERES DEL ESTADO DE HIDALGO','8.0','2020-2023','2403113',5,12),(114,'CENTRO DE BACHILLERATO TECNOLOGICO INDUSTRIAL Y DE SERVICIOS  NO.286 ','7.5','2021-2024','2403114',5,1),(115,'CENTRO DE BACHILLERES DEL ESTADO DE HIDALGO','8.0','2022-2023','2403115',5,12),(116,'CENTRO DE ESTUDIOS DE BACHILLERATO CEB 5/4','8.5','2021-2024','2403117',4,12),(117,'INSTITUTO SUMMA','9.2','2022-2023','2403116',4,12),(118,'CENTRO DE ESTUDIOS DE BACHILLERATO CEB 5/4','7.6','2020-2023','2403118',4,12),(119,'COBAEH PLANTEL MINERAL DE LA REFORMA','7.8','2019-2022','2403119',12,5),(120,'CECYTEH PLANTEL PACHUCA','8.9','2021-2024','2403120',12,3),(121,'CONALEP VILLA DE TEZONTEPEC ','7.8','2021-2024','2403121',4,3),(122,'CONALEP PACHUCA II','8.0','2019-2022','2403122',4,3),(123,'COBAEH MINERAL DE LA REFORMA ','8.7','2019-2022','2403123',4,9),(124,'COLEGIO DE BACHILLERES DEL ESTADO DE HIDALGO LA PROVIDENCIA','9.0','2021-2024','2403124',9,3),(125,'VICENTE RIVA PALACIO','8.0','2017-2019','2403125',3,5),(126,'CECYTHE PLANTEL EPAZOYUCAN ','9.0','2021-2024','2403126',12,5);
/*!40000 ALTER TABLE `utmir_antecedentes_academicos` ENABLE KEYS */;
UNLOCK TABLES;

--
-- Table structure for table `utmir_asignacion_asignatura`
--

DROP TABLE IF EXISTS `utmir_asignacion_asignatura`;
/*!40101 SET @saved_cs_client     = @@character_set_client */;
/*!40101 SET character_set_client = utf8 */;
CREATE TABLE `utmir_asignacion_asignatura` (
  `id_asignacion_asignatura` bigint(20) NOT NULL AUTO_INCREMENT,
  `matricula` varchar(255) COLLATE utf8_spanish_ci DEFAULT NULL,
  `id_asignatura` bigint(20) DEFAULT NULL,
  `id_grupo` bigint(20) DEFAULT NULL,
  `status` bit(1) DEFAULT NULL,
  PRIMARY KEY (`id_asignacion_asignatura`),
  KEY `FKt6kfdoqu7j8ui4imbfu3ql94b` (`matricula`),
  KEY `FKl2tarjtnov2o7qnmt15of45pe` (`id_asignatura`),
  KEY `FKktn9ey1i0eohcf9yqkyhaqooi` (`id_grupo`),
  CONSTRAINT `FKktn9ey1i0eohcf9yqkyhaqooi` FOREIGN KEY (`id_grupo`) REFERENCES `utmir_grupos` (`id`),
  CONSTRAINT `FKl2tarjtnov2o7qnmt15of45pe` FOREIGN KEY (`id_asignatura`) REFERENCES `utmir_asignatura` (`id_asignaturas`),
  CONSTRAINT `FKt6kfdoqu7j8ui4imbfu3ql94b` FOREIGN KEY (`matricula`) REFERENCES `utmir_info_personal` (`matricula`)
) ENGINE=InnoDB DEFAULT CHARSET=utf8 COLLATE=utf8_spanish_ci;
/*!40101 SET character_set_client = @saved_cs_client */;

--
-- Dumping data for table `utmir_asignacion_asignatura`
--

LOCK TABLES `utmir_asignacion_asignatura` WRITE;
/*!40000 ALTER TABLE `utmir_asignacion_asignatura` DISABLE KEYS */;
/*!40000 ALTER TABLE `utmir_asignacion_asignatura` ENABLE KEYS */;
UNLOCK TABLES;

--
-- Table structure for table `utmir_asignatura`
--

DROP TABLE IF EXISTS `utmir_asignatura`;
/*!40101 SET @saved_cs_client     = @@character_set_client */;
/*!40101 SET character_set_client = utf8 */;
CREATE TABLE `utmir_asignatura` (
  `id_asignaturas` bigint(20) NOT NULL AUTO_INCREMENT,
  `nombre_asignatura` varchar(255) COLLATE utf8_spanish_ci DEFAULT NULL,
  `total_horas` varchar(255) COLLATE utf8_spanish_ci DEFAULT NULL,
  `id_carrera` bigint(20) DEFAULT NULL,
  `id_cuatrimestre` bigint(20) DEFAULT NULL,
  PRIMARY KEY (`id_asignaturas`),
  KEY `FKbx8vsn1264rotet1ujbdm9s91` (`id_carrera`),
  KEY `FKbim2dq7afxd3qlb22aibrqxg2` (`id_cuatrimestre`),
  CONSTRAINT `FKbim2dq7afxd3qlb22aibrqxg2` FOREIGN KEY (`id_cuatrimestre`) REFERENCES `utmir_cuatrimestres` (`id`),
  CONSTRAINT `FKbx8vsn1264rotet1ujbdm9s91` FOREIGN KEY (`id_carrera`) REFERENCES `utmir_catalogo_carreras` (`id_carrera`)
) ENGINE=InnoDB AUTO_INCREMENT=382 DEFAULT CHARSET=utf8 COLLATE=utf8_spanish_ci;
/*!40101 SET character_set_client = @saved_cs_client */;

--
-- Dumping data for table `utmir_asignatura`
--

LOCK TABLES `utmir_asignatura` WRITE;
/*!40000 ALTER TABLE `utmir_asignatura` DISABLE KEYS */;
INSERT INTO `utmir_asignatura` VALUES (1,'INTRODUCCIÓN A LA LENGUA INGLESA',NULL,3,1),(2,'WRITING',NULL,3,1),(3,'GRAMMAR',NULL,3,1),(4,'SPEAKING',NULL,3,1),(5,'READING ',NULL,3,1),(6,'LISTENING ',NULL,3,1),(7,'MATEMATICAS APLICADAS EN EL TURISMO',NULL,3,2),(8,'INTRODUCCIÓN A LAS TECNOLOGIAS DE LA INFORMACIÓN',NULL,3,2),(9,'INTRODUCCIÓN AL TURISMO',NULL,3,2),(10,'PATRIMONIO NATURAL Y CULTURAL',NULL,3,2),(11,'ADMINISTRACIÓN',NULL,3,2),(12,'INGLES I',NULL,3,2),(13,'EXPRESIÓN ORAL Y ESCRITA I',NULL,3,2),(14,'FORMACIÓN SOCIOCULTURAL I',NULL,3,2),(15,'ESTADISTICA',NULL,3,3),(16,'SUSTENTABILIDAD EN EL TURISMO',NULL,3,3),(17,'SERVICIOS DE TURISMO CULTURA Y DE NATURALEZA',NULL,3,3),(18,'SERVICIOS DE HOSPEDAJE Y ALIMENTOS Y BEBIDAS',NULL,3,3),(19,'GESTIÓN DE LA CALIDAD',NULL,3,3),(20,'INGLES II',NULL,3,3),(21,'FORMACIÓN SOCIOCULTURAL II',NULL,3,3),(22,'METODOS Y TECNICAS DE INVESTIGACIÓN',NULL,3,4),(23,'SERVICIOS DE VIAJE',NULL,3,4),(24,'CAPITAL HUMANO',NULL,3,4),(25,'OPERACIONES CONTABLES Y FINANCIERAS',NULL,3,4),(26,'MERCADOTECNIA DE PRODUCTOS Y SERVICIOS TURISTICOS',NULL,3,4),(27,'INTEGRADORA I',NULL,3,4),(28,'INGLES III',NULL,3,4),(29,'FORMACIÓN SOCIOCULTURAL III',NULL,3,4),(30,'RESERVACIONES',NULL,3,5),(31,'ADMINISTRACIÓN DE HABITACIONES',NULL,3,5),(32,'RECEPCIÓN',NULL,3,5),(33,'CALIDAD EN SERVICIOS DE HOSPITALIDAD',NULL,3,5),(34,'VENTAS Y COMERCIO DIGITAL',NULL,3,5),(35,'INGLES IV',NULL,3,5),(36,'FRANCES I',NULL,3,5),(37,'FORMACIÓN SOCIOCULTURAL IV',NULL,3,5),(38,'RELACIONES PUBLICAS Y CONCIERGE',NULL,3,6),(39,'ANIMACIÓN TURISTICA Y SOCIOCULTURAL',NULL,3,6),(40,'LOGISTICA DE EVENTOS',NULL,3,6),(41,'CENTROS DE CONSUMO EN HOTELERIA',NULL,3,6),(42,'FORMACIÓN DEL CAPITAL HUMANO',NULL,3,6),(43,'INTEGRADORA II',NULL,3,6),(44,'INGLES V',NULL,3,6),(45,'FRANCES II',NULL,3,6),(46,'EXPRESIÓN ORAL Y ESCRITA II',NULL,3,6),(47,'ESTADIA ',NULL,3,7),(48,'ALGEBRA LINEAL',NULL,12,2),(49,'DESARROLLO DE HABILIDADES DEL PENSAMIENTO LOGICO',NULL,12,2),(50,'FUNDAMENTOS DE TI',NULL,12,2),(51,'FUNDAMENTOS DE REDES',NULL,12,2),(52,'METODOLOGIA DE LA PROGRAMACIÓN',NULL,12,2),(53,'INGLES I',NULL,12,2),(54,'EXPRESIÓN ORAL Y ESCRITA I',NULL,12,2),(55,'FORMACIÓN SOCIOCULTURAL I',NULL,12,2),(56,'FUNCIONES MATEMATICAS',NULL,12,3),(57,'METODOLOGIAS Y MODELADO DE DESARROLLO DE SOTFWARE',NULL,12,3),(58,'INTERCONEXIÓN DE REDES',NULL,12,3),(59,'PROGRAMACIÓN ORIENTADA A OBJETOS',NULL,12,3),(60,'INTRODUCCIÓN AL DISEÑO DIGITAL',NULL,12,3),(61,'BASE DE DATOS',NULL,12,3),(62,'INGLES II',NULL,12,3),(63,'FORMACIÓN SOCIOCULTURAL II',NULL,12,3),(64,'CALCULO DIFERENCIAL',NULL,12,4),(65,'MERCADOTECNIA DIGITAL',NULL,12,4),(66,'DISEÑO DIGITAL',NULL,12,4),(67,'SISTEMAS OPERATIVOS',NULL,12,4),(68,'APLICACIONES WEB',NULL,12,4),(69,'INTEGRADORA I',NULL,12,4),(70,'INGLES III',NULL,12,4),(71,'FORMACIÓN SOCIOCULTURAL III',NULL,12,4),(72,'PROBABILIDAD Y ESTADISTICA',NULL,12,5),(73,'ADMINISTRACIÓN DE PROYECTOS',NULL,12,5),(74,'MODELADO DIGITAL',NULL,12,5),(75,'DESARROLLO DE APLICACIONES DE REALIDAD AUMENTADA',NULL,12,5),(76,'FRAMEWORKS DE DESARROLLO WEB',NULL,12,5),(77,'INGLES IV',NULL,12,5),(78,'FORMACIÓN SOCIOCULTURAL IV',NULL,12,5),(79,'PRODUCCIÓN AUDIOVISUAL',NULL,12,6),(80,'ANIMACIÓN 3D',NULL,12,6),(81,'DESARROLLO DE APLICACIONES DE REALIDAD VIRTUAL',NULL,12,6),(82,'DESARROLLO DE APLICACIONES PARA NEGOCIOS DIGITALES',NULL,12,6),(83,'INTEGRADORA II',NULL,12,6),(84,'INGLES V',NULL,12,6),(85,'EXPRESIÓN ORAL Y ESCRITA II',NULL,12,6),(86,'ESTADIA ',NULL,12,7),(87,'ALGEBRA LINEAL',NULL,1,2),(88,'QUIMICA BASICA',NULL,1,2),(89,'BIOLOGIA AGRICOLA',NULL,1,2),(90,'FISIOLOGIA VEGETAL',NULL,1,2),(91,'MICROBIOLOGIA',NULL,1,2),(92,'INGLES I',NULL,1,2),(93,'EXPRESIÓN ORAL Y ESCRITA I',NULL,1,2),(94,'FORMACIÓN SOCIOCULTURAL I',NULL,1,2),(95,'FUNCIONES MATEMATICAS',NULL,1,3),(96,'QUIMICA ORGANICA',NULL,1,3),(97,'GENETICA VEGETAL',NULL,1,3),(98,'EDAFOLOGIA',NULL,1,3),(99,'ECOLOGIA MICROBIANA',NULL,1,3),(100,'BOTANICA SISTEMATICA',NULL,1,3),(101,'INFORMATICA',NULL,1,3),(102,'INGLES II',NULL,1,3),(103,'FORMACIÓN SOCIOCULTURAL II',NULL,1,3),(104,'CALCULO DIFERENCIAL',NULL,1,4),(105,'QUIMICA ANALITICA',NULL,1,4),(106,'FISICA',NULL,1,4),(107,'BIOTECNOLOGIA VEGETAL',NULL,1,4),(108,'CONTROL DE PLAGAS Y MALEZAS',NULL,1,4),(109,'BIOQUIMICA',NULL,1,4),(110,'PROPAGACIÓN VEGETATIVA',NULL,1,4),(111,'INGLES III',NULL,1,4),(112,'FORMACIÓN SOCIOCULTURAL III',NULL,1,4),(113,'CALCULO INTEGRAL',NULL,1,5),(114,'PROBABILIDAD Y ESTADISTICA',NULL,1,5),(115,'INTEGRADORA I',NULL,1,5),(116,'HERRAMIENTAS DE PLANEACIÓN Y COSTOS',NULL,1,5),(117,'FITOPATOLOGIA',NULL,1,5),(118,'AGROBIOTECNOLOGIA',NULL,1,5),(119,'ABONOS ORGANICOS',NULL,1,5),(120,'AGROMETEOROLOGIA',NULL,1,5),(121,'INGLES IV',NULL,1,5),(122,'FORMACIÓN SOCIOCULTURAL IV',NULL,1,5),(123,'ELECTRICIDAD Y MAGNETISMO',NULL,1,6),(124,'DISEÑOS EXPERIMENTALES',NULL,1,6),(125,'BIORREMEDIACIÓN',NULL,1,6),(126,'EXTRACCIÓN DE METABOLITOS',NULL,1,6),(127,'BIOFERTILIZANTES',NULL,1,6),(128,'CONTROL BIOLOGICO',NULL,1,6),(129,'INTEGRADORA II',NULL,1,6),(130,'AGRICULTURA SOSTENIBLE',NULL,1,6),(131,'INGLES V',NULL,1,6),(132,'EXPRESIÓN ORAL Y ESCRITA II',NULL,1,6),(133,'ESTADIAS ',NULL,1,7),(134,'MATEMATICAS APLICADAS A LA GASTRONOMIA',NULL,4,2),(135,'INFORMATICA',NULL,4,2),(136,'SEGURIDAD E HIGIENE EN LOS ALIMENTOS',NULL,4,2),(137,'INTRODUCCIÓN A LA GASTRONOMIA',NULL,4,2),(138,'BASES CULINARIAS',NULL,4,2),(139,'INGLES I',NULL,4,2),(140,'EXPRESIÓN ORAL Y ESCRITA I',NULL,4,2),(141,'FORMACIÓN SOCIOCULTURAL I',NULL,4,2),(142,'ESTADISTICA APLICADA A LA GASTRONOMIA',NULL,4,3),(143,'FUNDAMENTOS DE NUTRICIÓN',NULL,4,3),(144,'SERVICIOS DE ALIMENTOS Y BEBIDAS',NULL,4,3),(145,'METODOS Y TECNICAS CULINARIAS',NULL,4,3),(146,'PANADERIA',NULL,4,3),(147,'INGLES II',NULL,4,3),(148,'FORMACIÓN SOCIOCULTURAL II',NULL,4,3),(149,'COSTOS Y PRESUPUESTOS',NULL,4,4),(150,'OPERACIÓN DE BAR',NULL,4,4),(151,'ESTANDARIZACIÓN DE PLATILLOS',NULL,4,4),(152,'GESTIÓN DE COMPRAS Y ALMACÉN',NULL,4,4),(153,'PASTELERIA',NULL,4,4),(154,'INGLES III',NULL,4,4),(155,'FORMACIÓN SOCIOCULTURAL III',NULL,4,4),(156,'MERCADOTECNIA DE SERVICIOS GASTRONOMICOS',NULL,4,5),(157,'FUNDAMENTOS DE VITIVINICULTURA',NULL,4,5),(158,'ADMINISTRACIÓN DE ALIMENTOS Y BEBIDAS',NULL,4,5),(159,'REPOSTERIA',NULL,4,5),(160,'INTEGRADORA I',NULL,4,5),(161,'INGLES IV',NULL,4,5),(162,'FRANCES I',NULL,4,5),(163,'FORMACIÓN SOCIOCULTURAL IV',NULL,4,5),(164,'METODOS Y TECNICAS DE INVESTIGACIÓN APLICADAS A LA GASTRONOMIA',NULL,4,6),(165,'EVALUACIÓN DE SERVICIOS GASTRONOMICOS',NULL,4,6),(166,'CONFORMACIÓN DE MENÚS',NULL,4,6),(167,'LOGISTICA DE EVENTOS',NULL,4,6),(168,'INTEGRADORA II',NULL,4,6),(169,'INGLES V',NULL,4,6),(170,'FRANCES II',NULL,4,6),(171,'EXPRESIÓN ORAL Y ESCRITA II',NULL,4,6),(172,'ESTADIA ',NULL,4,7),(173,'MATEMATICAS',NULL,5,2),(174,'INFORMATICA',NULL,5,2),(175,'ADMINISTRACIÓN DE ORGANIZACIONES',NULL,5,2),(176,'MERCADOTECNIA',NULL,5,2),(177,'CONTABILIDAD BASICA',NULL,5,2),(178,'INGLES I',NULL,5,2),(179,'EXPRESIÓN ORAL Y ESCRITA I',NULL,5,2),(180,'FORMACIÓN SOCIOCULTURAL I',NULL,5,2),(181,'MATEMATICAS FINANCIERAS',NULL,5,3),(182,'ESTADISTICA APLICADA A LA ADMINISTRACIÓN',NULL,5,3),(183,'MODELOS DE DESARROLLO ORGANIZACIONAL',NULL,5,3),(184,'METODOLOGIA DE INVESTIGACIÓN',NULL,5,3),(185,'CONTABILIDAD INTERMEDIA',NULL,5,3),(186,'FUNDAMENTOS DE ECONOMIA',NULL,5,3),(187,'DISEÑO DE PROCESOS Y GESTIÓN DE CALIDAD',NULL,5,3),(188,'INGLES II',NULL,5,3),(189,'FORMACIÓN SOCIOCULTURAL II',NULL,5,3),(190,'PLANEACIÓN ESTRATEGICA',NULL,5,4),(191,'TALENTO EMPRENDEDOR',NULL,5,4),(192,'ANALISIS E INTERPRETACIÓN DE ESTADOS FINANCIEROS',NULL,5,4),(193,'PLANEACIÓN FINANCIERA',NULL,5,4),(194,'DESARROLLO SUSTENTABLE',NULL,5,4),(195,'LEGISLACIÓN ORGANIZACIONAL',NULL,5,4),(196,'INTEGRADORA I',NULL,5,4),(197,'INGLES III',NULL,5,4),(198,'FORMACIÓN SOCIOCULTURAL III',NULL,5,4),(199,'COMPORTAMIENTO ORGANIZACIONAL I',NULL,5,5),(200,'SUELDOS Y SALARIOS I',NULL,5,5),(201,'INTEGRACIÓN DE CAPITAL HUMANO',NULL,5,5),(202,'DISEÑO Y VALUACIÓN DE PUESTOS',NULL,5,5),(203,'LEGISLACIÓN LABORAL',NULL,5,5),(204,'INGLES IV',NULL,5,5),(205,'FORMACIÓN SOCIOCULTURAL IV',NULL,5,5),(206,'COMPORTAMIENTO ORGANIZACIONAL II',NULL,5,6),(207,'SUELDOS Y SALARIOS II',NULL,5,6),(208,'DESARROLLO DE CAPITAL HUMANO',NULL,5,6),(209,'EVALUACIÓN DEL DESEMPEÑO',NULL,5,6),(210,'HIGIENE Y SEGURIDAD LABORAL',NULL,5,6),(211,'INTEGRADORA II',NULL,5,6),(212,'INGLES V',NULL,5,6),(213,'EXPRESIÓN ORAL Y ESCRITA II',NULL,5,6),(214,'ESTADIA ',NULL,5,7),(215,'ALGEBRA LINEAL',NULL,9,2),(216,'QUIMICA BASICA',NULL,9,2),(217,'DIBUJO ARQUITECTONICO Y ESTRUCTURAL',NULL,9,2),(218,'INFORMATICA APLICADA',NULL,9,2),(219,'INTRODUCCIÓN A LA CONSTRUCCIÓN',NULL,9,2),(220,'INGLES I',NULL,9,2),(221,'EXPRESIÓN ORAL Y ESCRITA I',NULL,9,2),(222,'FORMACIÓN SOCIOCULTURAL I',NULL,9,2),(223,'FUNCIONES MATEMATICAS',NULL,9,3),(224,'ESTATICA',NULL,9,3),(225,'ADMINISTRACIÓN DE LA CONSTRUCCIÓN',NULL,9,3),(226,'TOPOGRAFIA I',NULL,9,3),(227,'EDIFICACIÓN',NULL,9,3),(228,'INSTALACIONES ELECTRICAS',NULL,9,3),(229,'INSTALACIONES ESPECIALES',NULL,9,3),(230,'INGLES II',NULL,9,3),(231,'FORMACIÓN SOCIOCULTURAL II',NULL,9,3),(232,'CALCULO DIFERENCIAL',NULL,9,4),(233,'ESTRUCTURA Y PROPIEDADES DE LOS MATERIALES',NULL,9,4),(234,'ANALISIS DE COSTOS I',NULL,9,4),(235,'TOPOGRAFIA II',NULL,9,4),(236,'MECANICA DE MATERIALES',NULL,9,4),(237,'INSTALACIONES HIDROSANITARIAS',NULL,9,4),(238,'INTEGRADORA I',NULL,9,4),(239,'INGLES III',NULL,9,4),(240,'FORMACIÓN SOCIOCULTURAL III',NULL,9,4),(241,'CALCULO INTEGRAL',NULL,9,5),(242,'ANALISIS DE COSTOS II',NULL,9,5),(243,'MECANICA DE SUELOS I',NULL,9,5),(244,'HIDRAULICA',NULL,9,5),(245,'MAQUINARIA PESADA Y MOVIMIENTOS DE TIERRA',NULL,9,5),(246,'INGLES IV',NULL,9,5),(247,'FORMACIÓN SOCIOCULTURAL IV',NULL,9,5),(248,'PROBABILIDAD Y ESTADISTICA',NULL,9,6),(249,'CONSTRUCCIÓN DE CAMINOS',NULL,9,6),(250,'MECANICA DE SUELOS II',NULL,9,6),(251,'TECNOLOGIA DEL CONCRETO',NULL,9,6),(252,'CONTROL Y SUPERVISIÓN DE OBRA',NULL,9,6),(253,'INTEGRADORA II',NULL,9,6),(254,'INGLES V',NULL,9,6),(255,'EXPRESIÓN ORAL Y ESCRITA II',NULL,9,6),(256,'ESTADIA',NULL,9,7),(257,'ECONOMIA PARA EL TURISMO',NULL,7,8),(258,'ANALISIS E INTERPRETACIÓN DE INFORMACIÓN PARA EL SECTOR TURISTICO',NULL,7,8),(259,'CALIDAD Y RESPONSABILIDAD SOCIAL',NULL,7,8),(260,'DESARROLLO DEL CAPITAL HUMANO EN LA ORGANIZACIÓN',NULL,7,8),(261,'INGLES VI',NULL,7,8),(262,'ADMINISTRACIÓN DEL TIEMPO',NULL,7,8),(263,'FINANZAS PARA EL TURISMO',NULL,7,9),(264,'GESTIÓN Y PLANEACIÓN TURISTICA',NULL,7,9),(265,'CONTROL ADMINISTRATIVO EN EL TURISMO',NULL,7,9),(266,'INGLES VII',NULL,7,9),(267,'PLANEACIÓN Y ORGANIZACIÓN DEL TRABAJO',NULL,7,9),(268,'DESARROLLO DE PROYECTOS PARA EL TURISMO I',NULL,7,10),(269,'INNOVACIÓN Y TURISMO RESPONSABLE',NULL,7,10),(270,'MERCADOTECNIA ESTRATEGICA',NULL,7,10),(271,'INGLES VIII',NULL,7,10),(272,'DIRECCIÓN DE EQUIPOS DE ALTO RENDIMIENTO',NULL,7,10),(273,'DESARROLLO DE PROYECTOS PARA EL TURISMO II',NULL,7,11),(274,'INSTRUMENTOS PARA EL DESARROLLO SUSTENTABLE',NULL,7,11),(275,'DESTINOS TURISTICOS INTELIGENTES',NULL,7,11),(276,'INTEGRADORA',NULL,7,11),(277,'INGLES IX',NULL,7,11),(278,'NEGOCIACIÓN EMPRESARIAL',NULL,7,11),(279,'ESTADIA ',NULL,7,12),(280,'MATEMATICAS PARA INGENIERIA I',NULL,10,8),(281,'ANIMACIÓN DIGITAL AVANZADA',NULL,10,8),(282,'PROGRAMACIÓN DE VIDEOJUEGOS I',NULL,10,8),(283,'PRODUCCIÓN DE EFECTOS VISUALES',NULL,10,8),(284,'INGLES VI',NULL,10,8),(285,'ADMINISTRACIÓN DEL TIEMPO',NULL,10,8),(286,'BASE DE DATOS PARA NEGOCIOS DIGITALES',NULL,10,9),(287,'PROGRAMACIÓN PARA ENTORNOS VIRTUALES',NULL,10,9),(288,'PROGRAMACIÓN DE VIDEOJUEGOS II',NULL,10,9),(289,'EMPRENDIMIENTO DIGITAL',NULL,10,9),(290,'INGLES VII',NULL,10,9),(291,'PLANEACIÓN Y ORGANIZACIÓN DEL TRABAJO',NULL,10,9),(292,'MATEMATICAS PARA INGENIERIA II',NULL,10,10),(293,'ANALITICA DE DATOS PARA NEGOCIOS DIGITALES',NULL,10,10),(294,'CIBERSEGURIDAD APLICADA A LOS NEGOCIOS DIGITALES',NULL,10,10),(295,'GESTIÓN DE PROYECTOS I',NULL,10,10),(296,'INGLES VIII',NULL,10,10),(297,'DIRECCIÓN DE EQUIPOS DE ALTO RENDIMIENTO',NULL,10,10),(298,'INTELIGENCIA DE NEGOCIOS',NULL,10,11),(299,'PROGRAMACIÓN DE APLICACIONES WEB PROGRESIVAS',NULL,10,11),(300,'INTEGRADORA',NULL,10,11),(301,'GESTIÓN DE PROYECTOS II',NULL,10,11),(302,'INGLES IX',NULL,10,11),(303,'NEGOCIACIÓN EMPRESARIAL',NULL,10,11),(304,'ESTADIA ',NULL,10,12),(305,'MATEMATICAS PARA INGENIERIA I',NULL,8,8),(306,'TERMODINAMICA',NULL,8,8),(307,'FISICOQUIMICA',NULL,8,8),(308,'METODOLOGIA DE LA INVESTIGACIÓN',NULL,8,8),(309,'ADMINISTRACIÓN DE LA PRODUCCIÓN AGROBIOTECNOLOGIA',NULL,8,8),(310,'INGLES VI',NULL,8,8),(311,'ADMINISTRACIÓN DEL TIEMPO',NULL,8,8),(312,'MATEMATICAS PARA INGENIERIA II',NULL,8,9),(313,'BIOESTADISTICA',NULL,8,9),(314,'OPERACIONES UNITARIAS I',NULL,8,9),(315,'ADMINISTRACIÓN DE LA CALIDAD',NULL,8,9),(316,'INGLES VII',NULL,8,9),(317,'PLANEACIÓN Y ORGANIZACIÓN DEL TRABAJO',NULL,8,9),(318,'OPERACIONES UNITARIAS II',NULL,8,10),(319,'BIOLOGIA MOLECULAR',NULL,8,10),(320,'CONSERVACIÓN DE BIOPRODUCTOS',NULL,8,10),(321,'BIOINGENIERIA',NULL,8,10),(322,'INGLES VIII',NULL,8,10),(323,'DIRECCIÓN DE EQUIPOS DE ALTO RENDIMIENTO',NULL,8,10),(324,'INGENIERIA GENETICA',NULL,8,11),(325,'INGENIERIA ECONOMICA',NULL,8,11),(326,'CARACTERIZACIÓN DE BIOPRODUCTOS',NULL,8,11),(327,'INTEGRADORA',NULL,8,11),(328,'INGLES IX',NULL,8,11),(329,'NEGOCIACIÓN EMPRESARIAL',NULL,8,11),(330,'ESTADIA ',NULL,8,12),(331,'COCINA MEXICANA I',NULL,13,8),(332,'PATRIMONIO CULINARIO DE MEXICO',NULL,13,8),(333,'ADMINISTRACIÓN DE PROCESOS GASTRONOMICOS',NULL,13,8),(334,'BEBIDAS DESTILADAS MEXICANAS',NULL,13,8),(335,'INGLÉS VI',NULL,13,8),(336,'ADMINISTRACIÓN DEL TIEMPO',NULL,13,8),(337,'COCINA MEXICANA II',NULL,13,9),(338,'COCINA EUROPEA',NULL,13,9),(339,'INGENIERIA DE MENÚ',NULL,13,9),(340,'INGLES VII',NULL,13,9),(341,'PLANEACIÓN Y ORGANIZACIÓN DEL TRABAJO',NULL,13,9),(342,'CONTABILIDAD',NULL,13,10),(343,'COCINA ASIATICA',NULL,13,10),(344,'CONCEPTOS GASTRONOMICOS',NULL,13,10),(345,'MIXOLOGIA',NULL,13,10),(346,'INGLES VIII',NULL,13,10),(347,'DIRECCIÓN DE EQUIPOS DE ALTO RENDIMIENTO',NULL,13,10),(348,'ANALISIS E INTERPRETACIÓN FINANCIERA',NULL,13,11),(349,'COCINA CONTEMPORANEA',NULL,13,11),(350,'GESTIÓN DE LA CALIDAD EN ESTABLECIMIENTOS DE ALIMENTOS Y BEBIDAS',NULL,13,11),(351,'DESARROLLO DE NEGOCIOS GASTRONOMICOS',NULL,13,11),(352,'INTEGRADORA',NULL,13,11),(353,'INGLES IX',NULL,13,11),(354,'NEGOCIACIÓN EMPRESARIAL',NULL,13,11),(355,'ESTADIA',NULL,13,12),(356,'SOCIOLOGIA DEL TRABAJO',NULL,14,8),(357,'PEDAGOGIA EMPRESARIAL',NULL,14,8),(358,'ADMINISTRACIÓN DE PROYECTOS DE CAPITAL HUMANO',NULL,14,8),(359,'INVESTIGACIÓN CUALITATIVA',NULL,14,8),(360,'INGLES VI',NULL,14,8),(361,'ADMINISTRACIÓN DEL TIEMPO',NULL,14,8),(362,'CAPACITACIÓN DEL CAPITAL HUMANO',NULL,14,9),(363,'CULTURA CORPORATIVA',NULL,14,9),(364,'INTELIGENCIA EMOCIONAL',NULL,14,9),(365,'INGLES VII',NULL,14,9),(366,'PLANEACIÓN Y ORGANIZACIÓN DEL TRABAJO',NULL,14,9),(367,'SISTEMA DE GESTIÓN DE LA CALIDAD',NULL,14,10),(368,'HERRAMIENTAS DE GESTIÓN DEL PERSONAL',NULL,14,10),(369,'GESTIÓN DEL CAMBIO ORGANIZACIONAL',NULL,14,10),(370,'INGLES VIII',NULL,14,10),(371,'DIRECCIÓN DE EQUIPOS DE ALTO RENDIMIENTO',NULL,14,10),(372,'AUDITORIA DE CALIDAD',NULL,14,11),(373,'CONSULTORIA EN CAPITAL HUMANO',NULL,14,11),(374,'RESPONSABILIDAD SOCIAL APLICADA',NULL,14,11),(375,'INTEGRADORA',NULL,14,11),(376,'INGLES IX',NULL,14,11),(377,'NEGOCIACIÓN EMPRESARIAL',NULL,14,11),(378,'ESTADIA ',NULL,14,12),(379,'LABORATORIO GASTRONOMIA ',NULL,NULL,NULL),(380,'DEPORTES',NULL,NULL,NULL),(381,'INVERNADERO ',NULL,NULL,NULL);
/*!40000 ALTER TABLE `utmir_asignatura` ENABLE KEYS */;
UNLOCK TABLES;

--
-- Table structure for table `utmir_asistencias`
--

DROP TABLE IF EXISTS `utmir_asistencias`;
/*!40101 SET @saved_cs_client     = @@character_set_client */;
/*!40101 SET character_set_client = utf8 */;
CREATE TABLE `utmir_asistencias` (
  `id_asistencias` bigint(20) NOT NULL AUTO_INCREMENT,
  `fecha_asistencia` date DEFAULT NULL,
  `tipo_asistencia` int(11) DEFAULT NULL,
  `matricula` varchar(255) COLLATE utf8_spanish_ci DEFAULT NULL,
  `id_asignaturas` bigint(20) DEFAULT NULL,
  `id_unidades_asignatura` bigint(20) DEFAULT NULL,
  `id_grupo` bigint(20) DEFAULT NULL,
  `id_asignacion_asignatura` bigint(20) DEFAULT NULL,
  PRIMARY KEY (`id_asistencias`),
  KEY `FKgjg64fvrhi7yxx0ohdixfg76x` (`matricula`),
  KEY `FKjwcaiq8aodonvxflilf6cmmww` (`id_asignaturas`),
  KEY `FKl0fi4bimi1oga78wd46hnosok` (`id_unidades_asignatura`),
  KEY `FKahcwhfwbtonad9c5hrbjjgtrp` (`id_grupo`),
  KEY `FKdlg6v54o8f4gqvwjx9sbdeu32` (`id_asignacion_asignatura`),
  CONSTRAINT `FKahcwhfwbtonad9c5hrbjjgtrp` FOREIGN KEY (`id_grupo`) REFERENCES `utmir_grupos` (`id`),
  CONSTRAINT `FKdlg6v54o8f4gqvwjx9sbdeu32` FOREIGN KEY (`id_asignacion_asignatura`) REFERENCES `utmir_asignacion_asignatura` (`id_asignacion_asignatura`),
  CONSTRAINT `FKgjg64fvrhi7yxx0ohdixfg76x` FOREIGN KEY (`matricula`) REFERENCES `utmir_info_personal` (`matricula`),
  CONSTRAINT `FKjwcaiq8aodonvxflilf6cmmww` FOREIGN KEY (`id_asignaturas`) REFERENCES `utmir_asignatura` (`id_asignaturas`),
  CONSTRAINT `FKl0fi4bimi1oga78wd46hnosok` FOREIGN KEY (`id_unidades_asignatura`) REFERENCES `utmir_unidades_asignatura` (`id_unidades_asignatura`)
) ENGINE=InnoDB DEFAULT CHARSET=utf8 COLLATE=utf8_spanish_ci;
/*!40101 SET character_set_client = @saved_cs_client */;

--
-- Dumping data for table `utmir_asistencias`
--

LOCK TABLES `utmir_asistencias` WRITE;
/*!40000 ALTER TABLE `utmir_asistencias` DISABLE KEYS */;
/*!40000 ALTER TABLE `utmir_asistencias` ENABLE KEYS */;
UNLOCK TABLES;

--
-- Table structure for table `utmir_calificaciones`
--

DROP TABLE IF EXISTS `utmir_calificaciones`;
/*!40101 SET @saved_cs_client     = @@character_set_client */;
/*!40101 SET character_set_client = utf8 */;
CREATE TABLE `utmir_calificaciones` (
  `id_calificaciones` bigint(20) NOT NULL AUTO_INCREMENT,
  `calificacion_ordinaria` int(11) DEFAULT NULL,
  `calificacion_remedial` int(11) DEFAULT NULL,
  `remedial` bit(1) NOT NULL,
  `matricula_alumno` varchar(255) COLLATE utf8_spanish_ci DEFAULT NULL,
  `id_asignacion_asignatura` bigint(20) DEFAULT NULL,
  `id_informacion_academica` bigint(20) DEFAULT NULL,
  PRIMARY KEY (`id_calificaciones`),
  KEY `FK78g1iasgycidyhm37wjf9oq1m` (`matricula_alumno`),
  KEY `FKtg2aqw543sdf7jt6rcmta60i5` (`id_asignacion_asignatura`),
  KEY `FK60x2mv0hq8in7kx392pp2dkp4` (`id_informacion_academica`),
  CONSTRAINT `FK60x2mv0hq8in7kx392pp2dkp4` FOREIGN KEY (`id_informacion_academica`) REFERENCES `utmir_informacion_academica` (`id`),
  CONSTRAINT `FK78g1iasgycidyhm37wjf9oq1m` FOREIGN KEY (`matricula_alumno`) REFERENCES `utmir_info_personal` (`matricula`),
  CONSTRAINT `FKtg2aqw543sdf7jt6rcmta60i5` FOREIGN KEY (`id_asignacion_asignatura`) REFERENCES `utmir_asignacion_asignatura` (`id_asignacion_asignatura`)
) ENGINE=InnoDB DEFAULT CHARSET=utf8 COLLATE=utf8_spanish_ci;
/*!40101 SET character_set_client = @saved_cs_client */;

--
-- Dumping data for table `utmir_calificaciones`
--

LOCK TABLES `utmir_calificaciones` WRITE;
/*!40000 ALTER TABLE `utmir_calificaciones` DISABLE KEYS */;
/*!40000 ALTER TABLE `utmir_calificaciones` ENABLE KEYS */;
UNLOCK TABLES;

--
-- Table structure for table `utmir_calificaciones_unidad`
--

DROP TABLE IF EXISTS `utmir_calificaciones_unidad`;
/*!40101 SET @saved_cs_client     = @@character_set_client */;
/*!40101 SET character_set_client = utf8 */;
CREATE TABLE `utmir_calificaciones_unidad` (
  `id_calificacion_unidad` bigint(20) NOT NULL AUTO_INCREMENT,
  `calificacion_ordinaria` double DEFAULT NULL,
  `calificacion_recuperacion` double DEFAULT NULL,
  `recuperacion` bit(1) NOT NULL,
  `req_asistencias` bit(1) NOT NULL,
  `matricula_alumno` varchar(255) COLLATE utf8_spanish_ci DEFAULT NULL,
  `id_asignacion_asignatura` bigint(20) DEFAULT NULL,
  `id_unidades_asignatura` bigint(20) DEFAULT NULL,
  `id_informacion_academica` bigint(20) DEFAULT NULL,
  `sin_derecho` bit(1) NOT NULL,
  PRIMARY KEY (`id_calificacion_unidad`),
  KEY `FKlk6bb06hbn2b9m7jdxxmnnl3c` (`matricula_alumno`),
  KEY `FKcqk6ay6mwbe0l6lfyfag0go55` (`id_asignacion_asignatura`),
  KEY `FKtm5vk4j1kgwb4rsgx3ukwsv5m` (`id_unidades_asignatura`),
  KEY `FKojefst66lgembo6opsifd3pcn` (`id_informacion_academica`),
  CONSTRAINT `FKcqk6ay6mwbe0l6lfyfag0go55` FOREIGN KEY (`id_asignacion_asignatura`) REFERENCES `utmir_asignacion_asignatura` (`id_asignacion_asignatura`),
  CONSTRAINT `FKlk6bb06hbn2b9m7jdxxmnnl3c` FOREIGN KEY (`matricula_alumno`) REFERENCES `utmir_info_personal` (`matricula`),
  CONSTRAINT `FKojefst66lgembo6opsifd3pcn` FOREIGN KEY (`id_informacion_academica`) REFERENCES `utmir_informacion_academica` (`id`),
  CONSTRAINT `FKtm5vk4j1kgwb4rsgx3ukwsv5m` FOREIGN KEY (`id_unidades_asignatura`) REFERENCES `utmir_unidades_asignatura` (`id_unidades_asignatura`)
) ENGINE=InnoDB DEFAULT CHARSET=utf8 COLLATE=utf8_spanish_ci;
/*!40101 SET character_set_client = @saved_cs_client */;

--
-- Dumping data for table `utmir_calificaciones_unidad`
--

LOCK TABLES `utmir_calificaciones_unidad` WRITE;
/*!40000 ALTER TABLE `utmir_calificaciones_unidad` DISABLE KEYS */;
/*!40000 ALTER TABLE `utmir_calificaciones_unidad` ENABLE KEYS */;
UNLOCK TABLES;

--
-- Table structure for table `utmir_catalogo_carreras`
--

DROP TABLE IF EXISTS `utmir_catalogo_carreras`;
/*!40101 SET @saved_cs_client     = @@character_set_client */;
/*!40101 SET character_set_client = utf8 */;
CREATE TABLE `utmir_catalogo_carreras` (
  `id_carrera` bigint(20) NOT NULL AUTO_INCREMENT,
  `carrera` varchar(255) COLLATE utf8_spanish_ci DEFAULT NULL,
  `status_carrera` varchar(255) COLLATE utf8_spanish_ci DEFAULT NULL,
  `formato_numerico` varchar(255) COLLATE utf8_spanish_ci DEFAULT NULL,
  PRIMARY KEY (`id_carrera`)
) ENGINE=InnoDB AUTO_INCREMENT=15 DEFAULT CHARSET=utf8 COLLATE=utf8_spanish_ci;
/*!40101 SET character_set_client = @saved_cs_client */;

--
-- Dumping data for table `utmir_catalogo_carreras`
--

LOCK TABLES `utmir_catalogo_carreras` WRITE;
/*!40000 ALTER TABLE `utmir_catalogo_carreras` DISABLE KEYS */;
INSERT INTO `utmir_catalogo_carreras` VALUES (1,'T.S.U en Agrobiotecnología','1','01'),(2,'T.S.U en Tecnologías de la Información y Comunicacion','0','02'),(3,'T.S.U en Turismo','1','03'),(4,'T.S.U en Gastronomía','1','04'),(5,'T.S.U en Administración','1','05'),(6,'Ingeniería en Tecnologías de la Información','0','06'),(7,'Licenciatura en Gestión y Desarrollo Turístico','1','07'),(8,'Ingeniería en Agrobiotecnología','1','08'),(9,'T.S.U en Construcción','1','09'),(10,'Ingeniería en Entornos Virtuales y Negocios Digitales','1','10'),(11,'T.S.U en Tecnologías de la Información y Comunicación','0','11'),(12,'T.S.U Tecnologías de la Información, Área Entornos Virtuales y Negocios Digitales','1','12'),(13,'Licenciatura en Gastronomia','1','13'),(14,'Licenciatura en Gestión del Capital Humano','1','14');
/*!40000 ALTER TABLE `utmir_catalogo_carreras` ENABLE KEYS */;
UNLOCK TABLES;

--
-- Table structure for table `utmir_clase_asignatura`
--

DROP TABLE IF EXISTS `utmir_clase_asignatura`;
/*!40101 SET @saved_cs_client     = @@character_set_client */;
/*!40101 SET character_set_client = utf8 */;
CREATE TABLE `utmir_clase_asignatura` (
  `id_horarios_clase` bigint(20) NOT NULL AUTO_INCREMENT,
  `dia_clase` varchar(255) COLLATE utf8_spanish_ci DEFAULT NULL,
  `hora_final` time(6) DEFAULT NULL,
  `hora_inicio` time(6) DEFAULT NULL,
  `id_asignacion_asignatura` bigint(20) DEFAULT NULL,
  PRIMARY KEY (`id_horarios_clase`),
  KEY `FKt6mgrne2uth1hcbayblsectu0` (`id_asignacion_asignatura`),
  CONSTRAINT `FKt6mgrne2uth1hcbayblsectu0` FOREIGN KEY (`id_asignacion_asignatura`) REFERENCES `utmir_asignacion_asignatura` (`id_asignacion_asignatura`)
) ENGINE=InnoDB DEFAULT CHARSET=utf8 COLLATE=utf8_spanish_ci;
/*!40101 SET character_set_client = @saved_cs_client */;

--
-- Dumping data for table `utmir_clase_asignatura`
--

LOCK TABLES `utmir_clase_asignatura` WRITE;
/*!40000 ALTER TABLE `utmir_clase_asignatura` DISABLE KEYS */;
/*!40000 ALTER TABLE `utmir_clase_asignatura` ENABLE KEYS */;
UNLOCK TABLES;

--
-- Table structure for table `utmir_contacto_emergencia`
--

DROP TABLE IF EXISTS `utmir_contacto_emergencia`;
/*!40101 SET @saved_cs_client     = @@character_set_client */;
/*!40101 SET character_set_client = utf8 */;
CREATE TABLE `utmir_contacto_emergencia` (
  `id_contacto_emergencia` bigint(20) NOT NULL AUTO_INCREMENT,
  `email_contacto_e` varchar(255) COLLATE utf8_spanish_ci DEFAULT NULL,
  `nombre_contacto_e` varchar(255) COLLATE utf8_spanish_ci DEFAULT NULL,
  `parentesco_contacto_e` varchar(255) COLLATE utf8_spanish_ci DEFAULT NULL,
  `telefono_contacto_e` varchar(255) COLLATE utf8_spanish_ci DEFAULT NULL,
  `matricula` varchar(255) COLLATE utf8_spanish_ci DEFAULT NULL,
  PRIMARY KEY (`id_contacto_emergencia`),
  UNIQUE KEY `UK_4k6fxd9a2dcgswq7hba6iutus` (`matricula`),
  CONSTRAINT `FK1dy62np33lwsld1295n3wumw` FOREIGN KEY (`matricula`) REFERENCES `utmir_info_personal` (`matricula`)
) ENGINE=InnoDB AUTO_INCREMENT=127 DEFAULT CHARSET=utf8 COLLATE=utf8_spanish_ci;
/*!40101 SET character_set_client = @saved_cs_client */;

--
-- Dumping data for table `utmir_contacto_emergencia`
--

LOCK TABLES `utmir_contacto_emergencia` WRITE;
/*!40000 ALTER TABLE `utmir_contacto_emergencia` DISABLE KEYS */;
INSERT INTO `utmir_contacto_emergencia` VALUES (1,'monserratmrdoza@gmail.com','ARACELI MENDOZA BARRAGAN ','MAMA','7713928882','2403001'),(2,'eduardomgl@gmail.com','EDUARDO MIGUEL GUTIERREZ','HERMANO','5541006971','2403002'),(3,'N/A','SANDRA TELLEZ VELAZQUEZ','MAMA','7715002955','2403003'),(4,'N A','LETICIA ANGELES CLEOFAS','MADRE','7714844800','2403004'),(5,'angelinacruz09285@gmail.com','ANGELINA HERNANDEZ CRUZ ','MAMA','7717299017','2403005'),(6,'n/a','PERLA IBETH OSORIO MARTINEZ','MADRE','7713974349','2403006'),(7,'rubortmen@hotmail.com','RUBEN ORTIZ MENDOZA','PADRE','7711293563','2403007'),(8,'Fidel sanchez Gutierrez','YOLANDA TREJO DIMA ','7715593828','7713584620','2403008'),(9,'cibriana271105@gmail.com','ANA ROSA LAZCANO CIBRIAN','MADRE','7717002172','2403009'),(10,'olguin_victor@yahoo.com.mx','ABEL VICTOR MORALES OLGUIN ','PADRE','7717128867','2403010'),(11,'henkelb@hotmail.com','BEATRIZ HENKEL ESCORZA','MADRE','7711873607','2403011'),(12,'Cucabarraza7056@gmail.com','MARIA DEL REFUGIO BARRAZA AYALA ','MADRE','7751206747','2403012'),(13,'mendozarobirosa@gmail.com','MARISOL MENDOZA ROVIROSA ','MADRE','5591476240','2403013'),(14,'rafaelhdzp75@gmail.com','RAFAEL JUAN HERNANDEZ PARGA ','PADRE','7711448353','2403014'),(15,'N/A','VERONICA HERNANDEZ MIRANDA','MADRE','7714034794','2403015'),(16,'N/A','YOLANDA MENDOZA REFUGIO ','MADRE','7712637433','2403016'),(17,'pilarrivero28@gmail.com','LORENA PILAR RIVERO ROCHA','MADRE','7711403206','2403017'),(18,'beltran15graciela@gmail.com','GRACIELA BELTRAN CALIXTO','MADRE','7711850657','2403019'),(19,'N/A','JUANA PEREZ MARTINEZ','MADRE','7713936744','2403018'),(20,'arturo.orion81@gmail.com','ARTURO MARTINEZ RIOS','PADRE','7711548599','2403021'),(21,'N/A','OMEGAR PEREZ ZAVALA ','PADRE','7716270959','2403020'),(22,'NA','JORGE ARANA HERNANDEZ','.','5520502117','2403022'),(23,'N/A','DIANA ELENA UBANDO PEREZ ','MADRE','5522757896','2403024'),(24,'NA ','PEDRO MIGUEL NAVARRO MALDONADO ','PADRE ','7712755963','2403023'),(25,'eva.trinidadcervantes@yahoo.es','EVA TRINIDAD CERVANTES','MADRE','5554647754','2403025'),(26,'sofiafajardo061@gmail.com','OFELIA FAJARDO LUNA','MADRE','7711525453','2403026'),(27,'N/A','TANIA VERONICA RUIZ BASTIDA ','MADRE ','5535525715','2403027'),(28,'brisakaslop@gmail.com','ROSA VIRGINIA ZAMORA RODRIGUEZ','MAMA','7711214174','2403028'),(29,'zelymaldonado2022@gmail.com','GRACIELA GUZMAN MALDONADO ','MAMA ','7713031384','2403029'),(30,'saulolverahdz@gmail.com ','SAUL OLVERA HERNANDEZ ','PADRE','7714049998','2403030'),(31,'N/A','MA. DE JESUS LUNA GUITRON','ABUELITA','7711418570','2403031'),(32,'noritafer123@g.mail.com','ELIZABETH GUTIERREZ ORTEGA ','MADRE','7715257829','2403032'),(33,'N/A','MIRIAM MARIANA VILLASENOR GUZMAN','MADRE','7442734706','2403033'),(34,'erika.gissell.mendez.86@gmail.com','ERIKA GISSELL MENDEZ ','MADRE','7711308615','2403034'),(35,'N/A','REYNA CASTELAN RAMIREZ','MADRE','7712079092','2403035'),(36,'n/a','FERNANDO MARTINEZ HERNANDEZ','PADRE','7717469885','2403036'),(37,'N/A','LETICIA GONZALEZ ROMERO','MAMA','7711290480','2403038'),(38,'ruth.garcia.05021980@gmail.com','RUTH GARCIA MENESES ','MADRE','7714239452','2403037'),(39,'rissssso76@gmail.com','LARA ROSAS SONIA','MADRE','7711783621','2403039'),(40,'YOVNGDANIEL5@GMAIL.COM','DANIEL AARON CHAVEZ HERNANDEZ','MADRE ','7716070842','2403041'),(41,'FERNANDO MEJÍA CASTRO ','EDITH BARRERA MARTINEZ','5529509917','5515979481','2403040'),(42,'carosanpe1975@gmail.com','CAROLINA SANTIAGO PEREZ','MADRE','7713478923','2403042'),(43,'virginia.soto11184@gmail.com','VIRGINIA SOTO CALVA','MADRE','7712544794','2403043'),(44,'rosaura20carrera@gmail.com','ROSAURA GABRIELA CARRERA VELASCO','MADRE','7713468327','2403044'),(45,'N/A','MARIA ELENA JUAN MORALES','MADRE','7713012826','2403045'),(46,'eleazar_rp@hotmail.com','ELEAZAR ROSARIO PEREZ ','PADRE','5545685739','2403046'),(47,'N/A','BERENICE DAVILA RIOS','MADRE','7712589642','2403047'),(48,'N/A','ELEAZAR GARCIA RAMOS','MADRE','7713400217','2403049'),(49,'N/A','PATRICIA MARTINEZ LEON','MADRE','7716075338','2403048'),(50,'N/A','ANA JUDITH JUAREZ PINEDA ','HERMANA ','7713829729','2403050'),(51,'JULIAN LORENZO HERNADEZ ','MARIA CONCEPCION BASILIO HERMANDE ','7721385710','7713467662','2403051'),(52,'martinezlidmendoza@gmail.com','LIDIA MENDOZA MARTINEZ ','MADRE','7751332917','2403052'),(53,'jfa3ckk4@gmail.com','CICELY BALBUENA MEDINA','MADRE','7713319988','2403053'),(54,'arianna.roque.87@gmail.com','ARIANNA LETICIA LOPEZ ROQUE','MADRE','5566558266','2403054'),(55,'grey.33p@gmail.com','GRETTEL PELCASTRE HERNANDEZ','MADRE','7711235064','2403055'),(56,'alevilchis_80@hotmail.com','ALEJANDRA VILCHIS ALVARADO','MADRE','5532795346','2403056'),(57,'N/A','PETRA VAZQUEZ BARRETO','ABUELA','7717205004','2403057'),(58,'vimesa0215@gmail.com','MARIA DEL ROCIO MEZA VARGAS','MADRE','5626034980','2403058'),(59,'masil_771@hotmail.com','SILVIA EDITH PAZ SERRANO','MADRE','7712998594','2403059'),(60,'Susana Esmeralda Carreon Rivera ','PERLA PATRICIA CARREON RIVERA ','7751515916','7711854159','2403060'),(61,'vickyzam7@gmail.com','ROSA VIRGINIA ZAMORA RODRIGUEZ ','MADRE ','7711214174','2403061'),(62,'brenduxxxrl@gmail.com','BRENDA ROJAS LEDEZMA','MADRE','7714672538','2403062'),(63,'N A','GABRIELA FABILA GOMEZ','MOISES GARCIA NEGRETE','7713739030','2403063'),(64,'MARIA LOPEZ MENDOZA','IXAMAR LEYLANI SERRANO VIRUEL','7715254425','7711784673','2403064'),(65,'ERIKAVARGASHERNADEZ864@GMAIL.COM','ERIKA  VARGAS  HERNADEZ','7712004453','7712669640','2403065'),(66,'N\\A','MARLEN ORTIZ BENITEZ','MADRE','7713035533','2403066'),(67,'sudann53@gmail.com','CLAUDIA ADRIANA SANTANDER GONZALEZ','MADRE ','7711274545','2403067'),(68,'mercedesromulo3@gmail.com','MERCEDES ROMULO TORRES','MADRE','5552484347','2403068'),(69,'audhi@live.mx','GUSTAVO GONZALEZ BOLANOS','7711102072','7717751219','2403069'),(70,'N/A','MATILDE RAMIREZ JIMENEZ','MADRE','7711439563','2403070'),(71,'diana.cast.hdz@gmail.com','DIANA CASTILLO HERNANDEZ','MADRE','5532044797','2403071'),(72,'aziyade.rocio@gmail.com','AZIYADE ROCIO MONTES ZAMORA ','MADRE','7717128329','2403072'),(73,'N/A','HERLINDA VALLES LARA','MADRE','5551900587','2403073'),(74,'yuls1677@gmail.com','JULIANA GARCIA SANCHEZ ','MADRE ','7713435881','2403074'),(75,'N\\A','SERGIO IVAN AVILA MONTIEL','PADRE','7711236391','2403075'),(76,'N/A','MARIA LUCIA VARGAS GARCIA','MADRE','7713715608','2403076'),(77,'cespedesdonato@gmail.com ','DONATO CESPEDES CENTENO ','PADRE ','7711498774','2403077'),(78,'laliz03146@gmail.com','ELIZABETH GUZMAN CHAVEZ ','MADRE ','7721046720','2403078'),(79,'STEFFF.LUGO@GMAIL.COM','ADRIANA ELIZABETH LUGO PONTAZA','MADRE','7713339727','2403079'),(80,'arturogz@gmail.com','FLORENCIA HERNANDEZ MONZALVO','MADRE','7717956025','2403080'),(81,'YOSHIOZAID@GMAIL.COM ','MARIA MAGDALENA MARQUEZ DON JUAN ','MADRE ','7711154718','2403081'),(82,'karovg86@gmail.com','CAROLINA VILLEGAS GONZALEZ ','MADRE','5574916955','2403082'),(83,'fermin2530rp@gmail.com','VERONICA ROCIO TORRES BLANCO','MADRE','5585429010','2403083'),(84,'N/A','LUVIA AVILA DOMINGUEZ','MADRE','7713858009','2403084'),(85,'N/A','FERNANDO GARCIA HERNANDEZ','PADRE','7711580943','2403085'),(86,'N/A','CLAUDIA CANO SANCHEZ','MADRE','7713575496','2403086'),(87,'adrivegaa03@gmail.com ','ADRIANA VEGA CRUZ ','MADRE ','5632938759','2403087'),(88,'lixlixlizliz@gmail.com','LIZBETH HERNADEZ ORTEGA','MADRE','7757715928','2403088'),(89,'CESARMZAPATA33@GMAIL.COM','CESAR MUNOZ ZAPATA','PADRE','7717576544','2403089'),(90,'bikerrss85@gmail.com ','ANDRES LUNA ROBLEDO ','7712022125','7712665303','2403090'),(91,'N/A','CIPRIANO VITE DE LA CRUZ','PADRE','7712194916','2403091'),(92,'fernando.romsan@gmail.com','ANA ARELI MARTINEZ CORNEJO','MADRE ','9512926005','2403092'),(93,'esmeraldapineda13@gmail.com','ESMERALDA PINEDA LOPEZ ','7712671496','7711296173','2403093'),(94,'guadalupegonzalez18@gmail.com','GUADALUPE GONZALEZ FLORES ','TIA ','7711315410','2403094'),(95,'n/a','ANA EUNICE MEZA HERNANDEZ','MADRE','7711207119','2403095'),(96,'corderodorys134@gmail.com','SANTOS GONZALEZ GUZMAN ','PADRE','7716752969','2403096'),(97,NULL,'ELVA CASTILLO VENTURA','MADRE ','7711164041','2403097'),(98,'N/A','CRISTINA ZACATENCO LECHUGA','MADRE ','7711275391','2403098'),(99,'barcenashdezsarita@gmail.com','SARAHI BARCENAS HERNANDEZ','HERMANA','7751005017','2403099'),(100,'wendi3085@gmail.com','WENDI JUAREZ VELAZQUEZ','MADRE ','7721406727','2403100'),(101,'sotuyocri06@gmail.com','JORGE SOTUYO ALAMILLA','TUTOR','7721053941','2403101'),(102,'utrilla_1970@hotmail.com','MIGUEL ANGEL UTRILLA GARCIA','PADRE','7721547321','2403102'),(103,'rufviz78@gmail.com','RUFINA VIZUETO ARRIETA','MADRE ','7713440927','2403103'),(104,'KATIAAGUILAR116@GMAIL.COM','FRANCISCA MARTINEZ TAPIA','MADRE ','5518546066','2403104'),(105,'abrenim.oisanata@gmail.com','MINERVA ATANASIO PEREZ','MADRE ','7717226500','2403105'),(106,'n/a','MARIA DEL SOCORRO GUTOERREZ MATEOS','MADRE','7752158845','2403106'),(107,'kobedparra6@gmail.com','ANGELES VALENCIA AGUILAR ','MADRE','7712202775','2403107'),(108,'alcalagomezj0811@gmail.com','BRENDA GOMEZ AVILA ','MADRE','7711188875','2403108'),(109,'veroh771109@gmail.com','VERONICA PAVON HERNANDEZ ','MADRE ','7711091225','2403109'),(110,'rclaus_76@hotmail.com','ROCIO CLAUDIA VELAZQUEZ HERNANDEZ','MADRE','2251000474','2403110'),(111,'rbl_pollito@hotmail.com','ROCIO BARRERA LOPEZ ','MADRE','7713902312','2403111'),(112,'DULCMEFELIX54@GMAIL.COM','DULCE MARIA FELIX HERNANDEZ','MADRE ','7711895289','2403112'),(113,'N/A','LIZET ROSALES PASTEN','MADRE ','7713244385','2403113'),(114,'alicia.gomez.hz@gmail.com','ALICIA HERNADEZ GOMEZ','MADRE ','7711010863','2403114'),(115,'susanitararita@gmail.com','IVONNE OLVERA RIVAS ','MADRE ','7713909566','2403115'),(116,'loyolajocelyne@gmail.com','JOCELYNE LOYOLA SORIANO','MAMA','7714244659','2403117'),(117,'AURELIANO NARVAEZ MORALES','CLELIA PALO CISNEROS','5513313588','7713832700','2403116'),(118,'LUIS ANTONIO ESTRADA VARGAS ','GLADYS YADIRA SANCHEZ FERNANDEZ ','5529558200','5529048300','2403118'),(119,'N/A','BIBIANA PAULET SANTANDER GONZALEZ','MADRE','7713349834','2403119'),(120,'kristelcervantesm@gmail.com','CRISTINA CERVANTES MORALES','MADRE','7717084251','2403120'),(121,'sharielvaldez66@gmail.com ','MARIANA AQUINO CARRILLO','MADRE ','5565427798','2403121'),(122,'ivgarto@gmail.com','ISMAEL VEGA CARRILLO ','PADRE','5627128830','2403122'),(123,'yazcylc@gmail.com','YOLANDA YAZCYL CARRILLO CRUZ','MADRE ','7716281673','2403123'),(124,'N/A','MARLENE VILLAFAN GARCIA','MADRE ','7714312806','2403124'),(125,'N/A','ANIBAL URIBE ENCISO','PADRE','7712208784','2403125'),(126,'zurisaddaiperez152003@gmail.com','ZURISADDAI PEREZ OSTRIA ','MADRE ','7713575446','2403126');
/*!40000 ALTER TABLE `utmir_contacto_emergencia` ENABLE KEYS */;
UNLOCK TABLES;

--
-- Table structure for table `utmir_cuatrimestres`
--

DROP TABLE IF EXISTS `utmir_cuatrimestres`;
/*!40101 SET @saved_cs_client     = @@character_set_client */;
/*!40101 SET character_set_client = utf8 */;
CREATE TABLE `utmir_cuatrimestres` (
  `id` bigint(20) NOT NULL AUTO_INCREMENT,
  `cuatrimestre` varchar(255) COLLATE utf8_spanish_ci DEFAULT NULL,
  PRIMARY KEY (`id`)
) ENGINE=InnoDB AUTO_INCREMENT=13 DEFAULT CHARSET=utf8 COLLATE=utf8_spanish_ci;
/*!40101 SET character_set_client = @saved_cs_client */;

--
-- Dumping data for table `utmir_cuatrimestres`
--

LOCK TABLES `utmir_cuatrimestres` WRITE;
/*!40000 ALTER TABLE `utmir_cuatrimestres` DISABLE KEYS */;
INSERT INTO `utmir_cuatrimestres` VALUES (1,'0'),(2,'1'),(3,'2'),(4,'3'),(5,'4'),(6,'5'),(7,'6'),(8,'7'),(9,'8'),(10,'9'),(11,'10'),(12,'11');
/*!40000 ALTER TABLE `utmir_cuatrimestres` ENABLE KEYS */;
UNLOCK TABLES;

--
-- Table structure for table `utmir_cuotas`
--

DROP TABLE IF EXISTS `utmir_cuotas`;
/*!40101 SET @saved_cs_client     = @@character_set_client */;
/*!40101 SET character_set_client = utf8 */;
CREATE TABLE `utmir_cuotas` (
  `id_cuota` bigint(20) NOT NULL AUTO_INCREMENT,
  `cuota` varchar(255) COLLATE utf8_spanish_ci DEFAULT NULL,
  `formato_numerico_cuota` varchar(255) COLLATE utf8_spanish_ci DEFAULT NULL,
  `costo` varchar(255) COLLATE utf8_spanish_ci DEFAULT NULL,
  PRIMARY KEY (`id_cuota`)
) ENGINE=InnoDB AUTO_INCREMENT=53 DEFAULT CHARSET=utf8 COLLATE=utf8_spanish_ci;
/*!40101 SET character_set_client = @saved_cs_client */;

--
-- Dumping data for table `utmir_cuotas`
--

LOCK TABLES `utmir_cuotas` WRITE;
/*!40000 ALTER TABLE `utmir_cuotas` DISABLE KEYS */;
INSERT INTO `utmir_cuotas` VALUES (1,'Inscripción','01','1542.00'),(2,'Reinscripción','02','1542.00'),(3,'Readmisión','03','1542.00'),(4,'Trámite de equivalencia de estudios','04','128.00'),(5,'Examen de ingreso a la educación superior','05','308.00'),(6,'Examen remedial','06','270.00'),(7,'Examen de certificación de lengua extranjera','07','1285.00'),(8,'Credencial de identificación escolar','08','77.00'),(9,'Constancia escolar','09','58.00'),(10,'Historial Académico','10','51.00'),(11,'Certificado de estudios','11','257.00'),(12,'Seguro estudiantil contra accidentes','12','193.00'),(13,'Titulación','13','1028.00'),(14,'Derecho por la validación electrónica de título profesional mediante medidas de seguridad (timbre holograma)','14','109.00'),(15,'Protocolo de titulación','15','449.00'),(16,'Expedición de Registro Estatal','16','434.00'),(17,'Curso propedéutico','17','643.00'),(18,'Servicios de Educación Continua Básico','18','22.00'),(19,'Servicios de Educación Continua Intermedio','19','35.00'),(20,'Servicios de Educación Continua Avanzado','20','48.00'),(21,'Servicios de Educación Continua Especializado','21','99.00'),(22,'Reposición de credencial','22','77.00'),(23,'Póliza de mantenimiento y servicio técnico','23','321.00'),(24,'Aportación mensual de cafetería','24','1285.00'),(25,'Aportación por publicidad','25','643.00'),(26,'Concesión de maquinas despachadoras de alimentos','26',NULL),(27,'Copia fotostática','27','1.00'),(28,'Cuota de recuperación por impresión en blanco y negro','28','1.00'),(29,'Cuota por uso de la cancha de fútbol soccer','29','193.00'),(30,'Cuota de recuperación para el mantenimiento por el uso de espacios universitarios administrativos y usos múltiples. (Para eventos externos)','30','33.00'),(31,'Cuota de recuperación para el mantenimiento de uso de casillero','31','51.00'),(32,'Cuota por pago extemporáneo por inscripción o reinscripción','32','39.00'),(33,'Reposición de pase de estacionamiento','33','128.00'),(34,'Cuota por devolución extemporánea de acervo bibliográfico por día','34','5.00'),(35,'Paquete (1) Inscripción con recargos','35','1581.00'),(36,'Paquete (2) Reinscripción con recargos','36','1581.00'),(37,'mixta (varios pagos)','37',NULL),(38,'Paquete (3) Titulación, Certificado, Derecho por la validación electrónica y expedición de registro','38','1828.00'),(39,'Paquete (4) Certificado y titulación','39','1285.00'),(40,'Paquete (5) inscripción ( inscripción, seguro, credencial, curso propedéutico','40','2455.00'),(41,'Paquete (6) inscripción (inscripción, seguro, credencial, curso propedéutico) (con recargos)','41','2494.00'),(42,'Paquete (7) Derecho val. Electrónica y expedición de registro estatal','42','543.00'),(43,'Paquete (8) Reinscripción, credencial, seguro estudiantil','43','1812.00'),(44,'Paquete (9) Paquete reinscripción, inscripción, credencial, seguro estudiantil (con recargo)','44','1851.00'),(45,'Paquete (10) Inscripcion y credencial','45','1619.00'),(46,'Paquete (11) Reinscripcion y certificado','46','1799.00'),(47,'Paquete (12) reinscripcion y certificado (con recargo)','47','1838.00'),(48,'Paquete (13) Titulacion,Validación y Registro','48','1571.00'),(49,'Paquete (14) INSCRIPCIÓN, CREDENCIAL, SEGURO Y CERTIFICADO','49','2069.00'),(50,'Paquete (15) PAGO DE TITULACIÓN (TITULACIÓN, PROTOCOLO DE TITULACIÓN, CERTIFICADO, VALIDACIÓN,REGISTRO)','50','2277.00'),(51,'Paquete (16) PAGO DE TITULACIÓN (protocolo, validación, registro)','51','992.00'),(52,'Paquete (17) TITULACIÓN (titulación,protocolo, validación, registro )','52','2020.00');
/*!40000 ALTER TABLE `utmir_cuotas` ENABLE KEYS */;
UNLOCK TABLES;

--
-- Table structure for table `utmir_datos_generales`
--

DROP TABLE IF EXISTS `utmir_datos_generales`;
/*!40101 SET @saved_cs_client     = @@character_set_client */;
/*!40101 SET character_set_client = utf8 */;
CREATE TABLE `utmir_datos_generales` (
  `id_datos_generales` bigint(20) NOT NULL AUTO_INCREMENT,
  `discapacidad` varchar(255) COLLATE utf8_spanish_ci DEFAULT NULL,
  `habla_indigena` varchar(255) COLLATE utf8_spanish_ci DEFAULT NULL,
  `lengua_indigena` varchar(255) COLLATE utf8_spanish_ci DEFAULT NULL,
  `tiene_discapacidad` varchar(255) COLLATE utf8_spanish_ci DEFAULT NULL,
  `matricula` varchar(255) COLLATE utf8_spanish_ci DEFAULT NULL,
  PRIMARY KEY (`id_datos_generales`),
  UNIQUE KEY `UK_9g4tnlk6qdsf8uyx8pecxqi1k` (`matricula`),
  CONSTRAINT `FKte3doal0e9b1vscpnxekuyw9l` FOREIGN KEY (`matricula`) REFERENCES `utmir_info_personal` (`matricula`)
) ENGINE=InnoDB AUTO_INCREMENT=127 DEFAULT CHARSET=utf8 COLLATE=utf8_spanish_ci;
/*!40101 SET character_set_client = @saved_cs_client */;

--
-- Dumping data for table `utmir_datos_generales`
--

LOCK TABLES `utmir_datos_generales` WRITE;
/*!40000 ALTER TABLE `utmir_datos_generales` DISABLE KEYS */;
INSERT INTO `utmir_datos_generales` VALUES (1,NULL,'no',NULL,'no','2403001'),(2,NULL,'no',NULL,'no','2403002'),(3,NULL,'no',NULL,'no','2403003'),(4,NULL,'no',NULL,'no','2403004'),(5,'VISUAL ','no',NULL,'si','2403005'),(6,NULL,'no',NULL,'no','2403006'),(7,NULL,'no',NULL,'no','2403007'),(8,NULL,'no',NULL,'no','2403008'),(9,NULL,'no',NULL,'no','2403009'),(10,NULL,'no',NULL,'no','2403010'),(11,NULL,'no',NULL,'no','2403011'),(12,NULL,'no',NULL,'no','2403012'),(13,NULL,'no',NULL,'no','2403013'),(14,NULL,'no',NULL,'no','2403014'),(15,NULL,'no',NULL,'no','2403015'),(16,NULL,'no',NULL,'no','2403016'),(17,NULL,'no',NULL,'no','2403017'),(18,NULL,'no',NULL,'no','2403019'),(19,NULL,'no',NULL,'no','2403018'),(20,NULL,'no',NULL,'no','2403021'),(21,NULL,'no',NULL,'no','2403020'),(22,NULL,'no',NULL,'no','2403022'),(23,NULL,'no',NULL,'no','2403024'),(24,NULL,'no',NULL,'no','2403023'),(25,NULL,'no',NULL,'no','2403025'),(26,NULL,'no',NULL,'no','2403026'),(27,'VISUAL Y PROBLEMAS URINARIOS ','no',NULL,'si','2403027'),(28,NULL,'no',NULL,'no','2403028'),(29,'VISUAL ','no',NULL,'si','2403029'),(30,NULL,'no',NULL,'no','2403030'),(31,'VISUAL ','no',NULL,'si','2403031'),(32,NULL,'no',NULL,'no','2403032'),(33,NULL,'no',NULL,'no','2403033'),(34,NULL,'no',NULL,'no','2403034'),(35,NULL,'no',NULL,'no','2403035'),(36,'NO TENGO MOVIMIENTO DE BRAZO DERECHO','no',NULL,'si','2403036'),(37,NULL,'no',NULL,'no','2403038'),(38,NULL,'no',NULL,'no','2403037'),(39,NULL,'no',NULL,'no','2403039'),(40,NULL,'no',NULL,'no','2403041'),(41,NULL,'no',NULL,'no','2403040'),(42,NULL,'no',NULL,'no','2403042'),(43,NULL,'no',NULL,'no','2403043'),(44,NULL,'no',NULL,'no','2403044'),(45,NULL,'no',NULL,'no','2403045'),(46,NULL,'no',NULL,'no','2403046'),(47,NULL,'no',NULL,'no','2403047'),(48,NULL,'no',NULL,'no','2403049'),(49,NULL,'no',NULL,'no','2403048'),(50,NULL,'no',NULL,'no','2403050'),(51,NULL,'no',NULL,'no','2403051'),(52,NULL,'no',NULL,'no','2403052'),(53,NULL,'no',NULL,'no','2403053'),(54,NULL,'no',NULL,'no','2403054'),(55,NULL,'no',NULL,'no','2403055'),(56,NULL,'no',NULL,'no','2403056'),(57,NULL,'no',NULL,'no','2403057'),(58,NULL,'no',NULL,'no','2403058'),(59,'VISUAL','no',NULL,'si','2403059'),(60,NULL,'no',NULL,'no','2403060'),(61,NULL,'no',NULL,'no','2403061'),(62,NULL,'no',NULL,'no','2403062'),(63,NULL,'no',NULL,'no','2403063'),(64,NULL,'no',NULL,'no','2403064'),(65,NULL,'no',NULL,'no','2403065'),(66,NULL,'no',NULL,'no','2403066'),(67,NULL,'no',NULL,'no','2403067'),(68,NULL,'no',NULL,'no','2403068'),(69,NULL,'no',NULL,'no','2403069'),(70,NULL,'no',NULL,'no','2403070'),(71,NULL,'no',NULL,'no','2403071'),(72,NULL,'no',NULL,'no','2403072'),(73,NULL,'no',NULL,'no','2403073'),(74,NULL,'no',NULL,'no','2403074'),(75,NULL,'no',NULL,'no','2403075'),(76,NULL,'no',NULL,'no','2403076'),(77,NULL,'no',NULL,'no','2403077'),(78,NULL,'no',NULL,'no','2403078'),(79,NULL,'no',NULL,'no','2403079'),(80,NULL,'no',NULL,'no','2403080'),(81,NULL,'no',NULL,'no','2403081'),(82,NULL,'no',NULL,'no','2403082'),(83,NULL,'no',NULL,'no','2403083'),(84,NULL,'no',NULL,'no','2403084'),(85,NULL,'no',NULL,'no','2403085'),(86,NULL,'no',NULL,'no','2403086'),(87,NULL,'no',NULL,'no','2403087'),(88,NULL,'no',NULL,'no','2403088'),(89,NULL,'no',NULL,'no','2403089'),(90,NULL,'no',NULL,'no','2403090'),(91,NULL,'no',NULL,'no','2403091'),(92,NULL,'no',NULL,'no','2403092'),(93,NULL,'no',NULL,'no','2403093'),(94,NULL,'no',NULL,'no','2403094'),(95,NULL,'no',NULL,'no','2403095'),(96,NULL,'no',NULL,'no','2403096'),(97,NULL,'no',NULL,'no','2403097'),(98,NULL,'no',NULL,'no','2403098'),(99,NULL,'no',NULL,'no','2403099'),(100,NULL,'no',NULL,'no','2403100'),(101,NULL,'no',NULL,'no','2403101'),(102,NULL,'no',NULL,'no','2403102'),(103,NULL,'no',NULL,'no','2403103'),(104,NULL,'no',NULL,'no','2403104'),(105,NULL,'no',NULL,'no','2403105'),(106,NULL,'no',NULL,'no','2403106'),(107,NULL,'no',NULL,'no','2403107'),(108,'VISUAL ','no',NULL,'si','2403108'),(109,NULL,'no',NULL,'no','2403109'),(110,NULL,'no',NULL,'no','2403110'),(111,NULL,'no',NULL,'no','2403111'),(112,NULL,'no',NULL,'no','2403112'),(113,NULL,'no',NULL,'no','2403113'),(114,'PARAPLEJIA','no',NULL,'si','2403114'),(115,NULL,'no',NULL,'no','2403115'),(116,NULL,'no',NULL,'no','2403117'),(117,NULL,'no',NULL,'no','2403116'),(118,NULL,'no',NULL,'no','2403118'),(119,NULL,'no',NULL,'no','2403119'),(120,NULL,'no',NULL,'no','2403120'),(121,NULL,'no',NULL,'no','2403121'),(122,NULL,'no',NULL,'no','2403122'),(123,NULL,'no',NULL,'no','2403123'),(124,NULL,'no',NULL,'no','2403124'),(125,NULL,'no',NULL,'no','2403125'),(126,NULL,'no',NULL,'no','2403126');
/*!40000 ALTER TABLE `utmir_datos_generales` ENABLE KEYS */;
UNLOCK TABLES;

--
-- Table structure for table `utmir_estadistica_aspirantes`
--

DROP TABLE IF EXISTS `utmir_estadistica_aspirantes`;
/*!40101 SET @saved_cs_client     = @@character_set_client */;
/*!40101 SET character_set_client = utf8 */;
CREATE TABLE `utmir_estadistica_aspirantes` (
  `id` bigint(20) NOT NULL AUTO_INCREMENT,
  `anio` int(11) NOT NULL,
  `cantidad_aspirantes_completos` int(11) NOT NULL,
  `cantidad_aspirantes_no_completados` int(11) NOT NULL,
  `matriculas_generadas` int(11) NOT NULL,
  PRIMARY KEY (`id`)
) ENGINE=InnoDB AUTO_INCREMENT=2 DEFAULT CHARSET=utf8 COLLATE=utf8_spanish_ci;
/*!40101 SET character_set_client = @saved_cs_client */;

--
-- Dumping data for table `utmir_estadistica_aspirantes`
--

LOCK TABLES `utmir_estadistica_aspirantes` WRITE;
/*!40000 ALTER TABLE `utmir_estadistica_aspirantes` DISABLE KEYS */;
INSERT INTO `utmir_estadistica_aspirantes` VALUES (1,2024,0,126,126);
/*!40000 ALTER TABLE `utmir_estadistica_aspirantes` ENABLE KEYS */;
UNLOCK TABLES;

--
-- Table structure for table `utmir_estadistica_aspirantes_carrera`
--

DROP TABLE IF EXISTS `utmir_estadistica_aspirantes_carrera`;
/*!40101 SET @saved_cs_client     = @@character_set_client */;
/*!40101 SET character_set_client = utf8 */;
CREATE TABLE `utmir_estadistica_aspirantes_carrera` (
  `id` bigint(20) NOT NULL AUTO_INCREMENT,
  `cantidad_aspirantes` int(11) NOT NULL,
  `cantidad_aspirantes_completos` int(11) NOT NULL,
  `cantidad_aspirantes_no_completados` int(11) NOT NULL,
  `id_carrera` bigint(20) DEFAULT NULL,
  `anio` int(11) NOT NULL,
  PRIMARY KEY (`id`),
  KEY `FKk5any990nv5rp4lf4y3it5418` (`id_carrera`),
  CONSTRAINT `FKk5any990nv5rp4lf4y3it5418` FOREIGN KEY (`id_carrera`) REFERENCES `utmir_catalogo_carreras` (`id_carrera`)
) ENGINE=InnoDB AUTO_INCREMENT=7 DEFAULT CHARSET=utf8 COLLATE=utf8_spanish_ci;
/*!40101 SET character_set_client = @saved_cs_client */;

--
-- Dumping data for table `utmir_estadistica_aspirantes_carrera`
--

LOCK TABLES `utmir_estadistica_aspirantes_carrera` WRITE;
/*!40000 ALTER TABLE `utmir_estadistica_aspirantes_carrera` DISABLE KEYS */;
INSERT INTO `utmir_estadistica_aspirantes_carrera` VALUES (1,29,0,29,12,2024),(2,54,0,54,4,2024),(3,5,0,5,1,2024),(4,14,0,14,3,2024),(5,19,0,19,5,2024),(6,5,0,5,9,2024);
/*!40000 ALTER TABLE `utmir_estadistica_aspirantes_carrera` ENABLE KEYS */;
UNLOCK TABLES;

--
-- Table structure for table `utmir_estadisticas_registro_diario`
--

DROP TABLE IF EXISTS `utmir_estadisticas_registro_diario`;
/*!40101 SET @saved_cs_client     = @@character_set_client */;
/*!40101 SET character_set_client = utf8 */;
CREATE TABLE `utmir_estadisticas_registro_diario` (
  `id` bigint(20) NOT NULL AUTO_INCREMENT,
  `cantidad_registros` int(11) NOT NULL,
  `fecha` date NOT NULL,
  PRIMARY KEY (`id`)
) ENGINE=InnoDB AUTO_INCREMENT=27 DEFAULT CHARSET=utf8 COLLATE=utf8_spanish_ci;
/*!40101 SET character_set_client = @saved_cs_client */;

--
-- Dumping data for table `utmir_estadisticas_registro_diario`
--

LOCK TABLES `utmir_estadisticas_registro_diario` WRITE;
/*!40000 ALTER TABLE `utmir_estadisticas_registro_diario` DISABLE KEYS */;
INSERT INTO `utmir_estadisticas_registro_diario` VALUES (1,13,'2024-03-08'),(2,22,'2024-03-11'),(3,10,'2024-03-12'),(4,8,'2024-03-13'),(5,2,'2024-03-14'),(6,6,'2024-03-15'),(7,10,'2024-03-19'),(8,6,'2024-03-20'),(9,5,'2024-03-21'),(10,2,'2024-03-22'),(11,5,'2024-03-25'),(12,1,'2024-03-26'),(13,4,'2024-03-27'),(14,2,'2024-04-01'),(15,3,'2024-04-02'),(16,4,'2024-04-03'),(17,2,'2024-04-04'),(18,2,'2024-04-05'),(19,4,'2024-04-08'),(20,3,'2024-04-09'),(21,1,'2024-04-10'),(22,3,'2024-04-11'),(23,1,'2024-04-12'),(24,1,'2024-04-15'),(25,3,'2024-04-16'),(26,3,'2024-04-17');
/*!40000 ALTER TABLE `utmir_estadisticas_registro_diario` ENABLE KEYS */;
UNLOCK TABLES;

--
-- Table structure for table `utmir_evaluacion_unidad`
--

DROP TABLE IF EXISTS `utmir_evaluacion_unidad`;
/*!40101 SET @saved_cs_client     = @@character_set_client */;
/*!40101 SET character_set_client = utf8 */;
CREATE TABLE `utmir_evaluacion_unidad` (
  `id_evaluacion_unidad` bigint(20) NOT NULL AUTO_INCREMENT,
  `fecha_evaluacion` date DEFAULT NULL,
  `id_asignacion_asignatura` bigint(20) DEFAULT NULL,
  `id_unidades_asignatura` bigint(20) DEFAULT NULL,
  PRIMARY KEY (`id_evaluacion_unidad`),
  KEY `FKdj8gor6vhkjpueosof6peqh0b` (`id_asignacion_asignatura`),
  KEY `FKk414dkmqtd1ln810of8lcf3xc` (`id_unidades_asignatura`),
  CONSTRAINT `FKdj8gor6vhkjpueosof6peqh0b` FOREIGN KEY (`id_asignacion_asignatura`) REFERENCES `utmir_asignacion_asignatura` (`id_asignacion_asignatura`),
  CONSTRAINT `FKk414dkmqtd1ln810of8lcf3xc` FOREIGN KEY (`id_unidades_asignatura`) REFERENCES `utmir_unidades_asignatura` (`id_unidades_asignatura`)
) ENGINE=InnoDB DEFAULT CHARSET=utf8 COLLATE=utf8_spanish_ci;
/*!40101 SET character_set_client = @saved_cs_client */;

--
-- Dumping data for table `utmir_evaluacion_unidad`
--

LOCK TABLES `utmir_evaluacion_unidad` WRITE;
/*!40000 ALTER TABLE `utmir_evaluacion_unidad` DISABLE KEYS */;
/*!40000 ALTER TABLE `utmir_evaluacion_unidad` ENABLE KEYS */;
UNLOCK TABLES;

--
-- Table structure for table `utmir_examen_admision`
--

DROP TABLE IF EXISTS `utmir_examen_admision`;
/*!40101 SET @saved_cs_client     = @@character_set_client */;
/*!40101 SET character_set_client = utf8 */;
CREATE TABLE `utmir_examen_admision` (
  `id_examen_admision` bigint(20) NOT NULL AUTO_INCREMENT,
  `aciertos` int(11) DEFAULT NULL,
  `calificacion` varchar(255) COLLATE utf8_spanish_ci DEFAULT NULL,
  `total_aciertos` int(11) DEFAULT NULL,
  `matricula` varchar(255) COLLATE utf8_spanish_ci DEFAULT NULL,
  PRIMARY KEY (`id_examen_admision`),
  UNIQUE KEY `UK_i3mxd0cdpk03oysd6vj6yc4um` (`matricula`),
  CONSTRAINT `FK2x3rf22hbsa23g6yaln30iry7` FOREIGN KEY (`matricula`) REFERENCES `utmir_info_personal` (`matricula`)
) ENGINE=InnoDB AUTO_INCREMENT=127 DEFAULT CHARSET=utf8 COLLATE=utf8_spanish_ci;
/*!40101 SET character_set_client = @saved_cs_client */;

--
-- Dumping data for table `utmir_examen_admision`
--

LOCK TABLES `utmir_examen_admision` WRITE;
/*!40000 ALTER TABLE `utmir_examen_admision` DISABLE KEYS */;
INSERT INTO `utmir_examen_admision` VALUES (1,NULL,NULL,NULL,'2403002'),(2,NULL,NULL,NULL,'2403001'),(3,NULL,NULL,NULL,'2403003'),(4,NULL,NULL,NULL,'2403004'),(5,NULL,NULL,NULL,'2403005'),(6,NULL,NULL,NULL,'2403006'),(7,NULL,NULL,NULL,'2403007'),(8,NULL,NULL,NULL,'2403008'),(9,NULL,NULL,NULL,'2403009'),(10,NULL,NULL,NULL,'2403010'),(11,NULL,NULL,NULL,'2403011'),(12,NULL,NULL,NULL,'2403012'),(13,NULL,NULL,NULL,'2403013'),(14,NULL,NULL,NULL,'2403015'),(15,NULL,NULL,NULL,'2403014'),(16,NULL,NULL,NULL,'2403016'),(17,NULL,NULL,NULL,'2403017'),(18,NULL,NULL,NULL,'2403019'),(19,NULL,NULL,NULL,'2403018'),(20,NULL,NULL,NULL,'2403021'),(21,NULL,NULL,NULL,'2403020'),(22,NULL,NULL,NULL,'2403022'),(23,NULL,NULL,NULL,'2403024'),(24,NULL,NULL,NULL,'2403025'),(25,NULL,NULL,NULL,'2403023'),(26,NULL,NULL,NULL,'2403026'),(27,NULL,NULL,NULL,'2403028'),(28,NULL,NULL,NULL,'2403027'),(29,NULL,NULL,NULL,'2403030'),(30,NULL,NULL,NULL,'2403031'),(31,NULL,NULL,NULL,'2403029'),(32,NULL,NULL,NULL,'2403032'),(33,NULL,NULL,NULL,'2403033'),(34,NULL,NULL,NULL,'2403034'),(35,NULL,NULL,NULL,'2403035'),(36,NULL,NULL,NULL,'2403036'),(37,NULL,NULL,NULL,'2403038'),(38,NULL,NULL,NULL,'2403037'),(39,NULL,NULL,NULL,'2403039'),(40,NULL,NULL,NULL,'2403040'),(41,NULL,NULL,NULL,'2403041'),(42,NULL,NULL,NULL,'2403042'),(43,NULL,NULL,NULL,'2403043'),(44,NULL,NULL,NULL,'2403044'),(45,NULL,NULL,NULL,'2403045'),(46,NULL,NULL,NULL,'2403046'),(47,NULL,NULL,NULL,'2403047'),(48,NULL,NULL,NULL,'2403048'),(49,NULL,NULL,NULL,'2403049'),(50,NULL,NULL,NULL,'2403050'),(51,NULL,NULL,NULL,'2403051'),(52,NULL,NULL,NULL,'2403052'),(53,NULL,NULL,NULL,'2403053'),(54,NULL,NULL,NULL,'2403054'),(55,NULL,NULL,NULL,'2403055'),(56,NULL,NULL,NULL,'2403056'),(57,NULL,NULL,NULL,'2403057'),(58,NULL,NULL,NULL,'2403059'),(59,NULL,NULL,NULL,'2403058'),(60,NULL,NULL,NULL,'2403060'),(61,NULL,NULL,NULL,'2403061'),(62,NULL,NULL,NULL,'2403062'),(63,NULL,NULL,NULL,'2403063'),(64,NULL,NULL,NULL,'2403064'),(65,NULL,NULL,NULL,'2403065'),(66,NULL,NULL,NULL,'2403066'),(67,NULL,NULL,NULL,'2403067'),(68,NULL,NULL,NULL,'2403068'),(69,NULL,NULL,NULL,'2403069'),(70,NULL,NULL,NULL,'2403070'),(71,NULL,NULL,NULL,'2403071'),(72,NULL,NULL,NULL,'2403072'),(73,NULL,NULL,NULL,'2403073'),(74,NULL,NULL,NULL,'2403074'),(75,NULL,NULL,NULL,'2403075'),(76,NULL,NULL,NULL,'2403076'),(77,NULL,NULL,NULL,'2403077'),(78,NULL,NULL,NULL,'2403078'),(79,NULL,NULL,NULL,'2403079'),(80,NULL,NULL,NULL,'2403080'),(81,NULL,NULL,NULL,'2403082'),(82,NULL,NULL,NULL,'2403081'),(83,NULL,NULL,NULL,'2403083'),(84,NULL,NULL,NULL,'2403084'),(85,NULL,NULL,NULL,'2403085'),(86,NULL,NULL,NULL,'2403086'),(87,NULL,NULL,NULL,'2403087'),(88,NULL,NULL,NULL,'2403088'),(89,NULL,NULL,NULL,'2403089'),(90,NULL,NULL,NULL,'2403091'),(91,NULL,NULL,NULL,'2403092'),(92,NULL,NULL,NULL,'2403093'),(93,NULL,NULL,NULL,'2403094'),(94,NULL,NULL,NULL,'2403090'),(95,NULL,NULL,NULL,'2403095'),(96,NULL,NULL,NULL,'2403096'),(97,NULL,NULL,NULL,'2403097'),(98,NULL,NULL,NULL,'2403098'),(99,NULL,NULL,NULL,'2403100'),(100,NULL,NULL,NULL,'2403101'),(101,NULL,NULL,NULL,'2403102'),(102,NULL,NULL,NULL,'2403103'),(103,NULL,NULL,NULL,'2403104'),(104,NULL,NULL,NULL,'2403105'),(105,NULL,NULL,NULL,'2403106'),(106,NULL,NULL,NULL,'2403107'),(107,NULL,NULL,NULL,'2403108'),(108,NULL,NULL,NULL,'2403109'),(109,NULL,NULL,NULL,'2403099'),(110,NULL,NULL,NULL,'2403110'),(111,NULL,NULL,NULL,'2403111'),(112,NULL,NULL,NULL,'2403112'),(113,NULL,NULL,NULL,'2403113'),(114,NULL,NULL,NULL,'2403114'),(115,NULL,NULL,NULL,'2403115'),(116,NULL,NULL,NULL,'2403117'),(117,NULL,NULL,NULL,'2403116'),(118,NULL,NULL,NULL,'2403118'),(119,NULL,NULL,NULL,'2403119'),(120,NULL,NULL,NULL,'2403120'),(121,NULL,NULL,NULL,'2403121'),(122,NULL,NULL,NULL,'2403122'),(123,NULL,NULL,NULL,'2403123'),(124,NULL,NULL,NULL,'2403126'),(125,NULL,NULL,NULL,'2403125'),(126,NULL,NULL,NULL,'2403124');
/*!40000 ALTER TABLE `utmir_examen_admision` ENABLE KEYS */;
UNLOCK TABLES;

--
-- Table structure for table `utmir_fecha_unidades`
--

DROP TABLE IF EXISTS `utmir_fecha_unidades`;
/*!40101 SET @saved_cs_client     = @@character_set_client */;
/*!40101 SET character_set_client = utf8 */;
CREATE TABLE `utmir_fecha_unidades` (
  `id_fechas_unidades` bigint(20) NOT NULL AUTO_INCREMENT,
  `fecha_cierre` date DEFAULT NULL,
  `fecha_inicio` date DEFAULT NULL,
  `status` bit(1) DEFAULT NULL,
  `matricula` varchar(255) COLLATE utf8_spanish_ci DEFAULT NULL,
  `id_unidades_asignatura` bigint(20) DEFAULT NULL,
  `fecha_remedial` date DEFAULT NULL,
  `id_grupo` bigint(20) DEFAULT NULL,
  `total_clases_unidad` int(11) DEFAULT NULL,
  `clases_activas` int(11) DEFAULT NULL,
  `id_asignacion_asignatura` bigint(20) DEFAULT NULL,
  PRIMARY KEY (`id_fechas_unidades`),
  KEY `FK5f1vgt1i7ur68asvpxymd0nbs` (`matricula`),
  KEY `FK9rrrngc5nh4pqy1dcjy6e8hoj` (`id_unidades_asignatura`),
  KEY `FKdmw58hsy2dmd0g0vxusyu4gp3` (`id_grupo`),
  KEY `FKmyex4jgubq3stg9ec9xsgxers` (`id_asignacion_asignatura`),
  CONSTRAINT `FK5f1vgt1i7ur68asvpxymd0nbs` FOREIGN KEY (`matricula`) REFERENCES `utmir_info_personal` (`matricula`),
  CONSTRAINT `FK9rrrngc5nh4pqy1dcjy6e8hoj` FOREIGN KEY (`id_unidades_asignatura`) REFERENCES `utmir_unidades_asignatura` (`id_unidades_asignatura`),
  CONSTRAINT `FKdmw58hsy2dmd0g0vxusyu4gp3` FOREIGN KEY (`id_grupo`) REFERENCES `utmir_grupos` (`id`),
  CONSTRAINT `FKmyex4jgubq3stg9ec9xsgxers` FOREIGN KEY (`id_asignacion_asignatura`) REFERENCES `utmir_asignacion_asignatura` (`id_asignacion_asignatura`)
) ENGINE=InnoDB DEFAULT CHARSET=utf8 COLLATE=utf8_spanish_ci;
/*!40101 SET character_set_client = @saved_cs_client */;

--
-- Dumping data for table `utmir_fecha_unidades`
--

LOCK TABLES `utmir_fecha_unidades` WRITE;
/*!40000 ALTER TABLE `utmir_fecha_unidades` DISABLE KEYS */;
/*!40000 ALTER TABLE `utmir_fecha_unidades` ENABLE KEYS */;
UNLOCK TABLES;

--
-- Table structure for table `utmir_genero`
--

DROP TABLE IF EXISTS `utmir_genero`;
/*!40101 SET @saved_cs_client     = @@character_set_client */;
/*!40101 SET character_set_client = utf8 */;
CREATE TABLE `utmir_genero` (
  `id_genero` bigint(20) NOT NULL AUTO_INCREMENT,
  `genero` varchar(255) COLLATE utf8_spanish_ci DEFAULT NULL,
  PRIMARY KEY (`id_genero`)
) ENGINE=InnoDB AUTO_INCREMENT=3 DEFAULT CHARSET=utf8 COLLATE=utf8_spanish_ci;
/*!40101 SET character_set_client = @saved_cs_client */;

--
-- Dumping data for table `utmir_genero`
--

LOCK TABLES `utmir_genero` WRITE;
/*!40000 ALTER TABLE `utmir_genero` DISABLE KEYS */;
INSERT INTO `utmir_genero` VALUES (1,'Masculino'),(2,'Femenino');
/*!40000 ALTER TABLE `utmir_genero` ENABLE KEYS */;
UNLOCK TABLES;

--
-- Table structure for table `utmir_grupos`
--

DROP TABLE IF EXISTS `utmir_grupos`;
/*!40101 SET @saved_cs_client     = @@character_set_client */;
/*!40101 SET character_set_client = utf8 */;
CREATE TABLE `utmir_grupos` (
  `id` bigint(20) NOT NULL AUTO_INCREMENT,
  `grupo` varchar(255) COLLATE utf8_spanish_ci DEFAULT NULL,
  PRIMARY KEY (`id`)
) ENGINE=InnoDB AUTO_INCREMENT=6 DEFAULT CHARSET=utf8 COLLATE=utf8_spanish_ci;
/*!40101 SET character_set_client = @saved_cs_client */;

--
-- Dumping data for table `utmir_grupos`
--

LOCK TABLES `utmir_grupos` WRITE;
/*!40000 ALTER TABLE `utmir_grupos` DISABLE KEYS */;
INSERT INTO `utmir_grupos` VALUES (1,'1'),(2,'2'),(3,'3'),(4,'4'),(5,'5');
/*!40000 ALTER TABLE `utmir_grupos` ENABLE KEYS */;
UNLOCK TABLES;

--
-- Table structure for table `utmir_info_personal`
--

DROP TABLE IF EXISTS `utmir_info_personal`;
/*!40101 SET @saved_cs_client     = @@character_set_client */;
/*!40101 SET character_set_client = utf8 */;
CREATE TABLE `utmir_info_personal` (
  `matricula` varchar(20) COLLATE utf8_spanish_ci NOT NULL,
  `ap_materno` varchar(100) COLLATE utf8_spanish_ci DEFAULT NULL,
  `ap_paterno` varchar(100) COLLATE utf8_spanish_ci DEFAULT NULL,
  `curp` varchar(20) COLLATE utf8_spanish_ci DEFAULT NULL,
  `edad` varchar(3) COLLATE utf8_spanish_ci DEFAULT NULL,
  `email` varchar(50) COLLATE utf8_spanish_ci DEFAULT NULL,
  `fecha_nacimiento` varchar(255) COLLATE utf8_spanish_ci DEFAULT NULL,
  `localidad_nacimiento` varchar(100) COLLATE utf8_spanish_ci DEFAULT NULL,
  `municipio_nacimiento` varchar(100) COLLATE utf8_spanish_ci DEFAULT NULL,
  `nombre` varchar(100) COLLATE utf8_spanish_ci DEFAULT NULL,
  `nss` varchar(30) COLLATE utf8_spanish_ci DEFAULT NULL,
  `numero_telefonico` varchar(15) COLLATE utf8_spanish_ci DEFAULT NULL,
  `password` varchar(120) COLLATE utf8_spanish_ci DEFAULT NULL,
  `rfc` varchar(20) COLLATE utf8_spanish_ci DEFAULT NULL,
  `id_estados_mexico` bigint(20) DEFAULT NULL,
  `id_genero` bigint(20) DEFAULT NULL,
  `id_nacionalidad` bigint(20) DEFAULT NULL,
  `id_status` bigint(20) DEFAULT NULL,
  `asp_etapa` varchar(255) COLLATE utf8_spanish_ci DEFAULT NULL,
  `fecha_registro` date DEFAULT NULL,
  PRIMARY KEY (`matricula`),
  UNIQUE KEY `UKntulfvtkygss8mm3jfkt9k5l5` (`email`),
  UNIQUE KEY `UKg1ro6152y6aodpgk6r37yuyv` (`curp`),
  KEY `FK8q3wmbracfitnomcbqdy4dr7c` (`id_estados_mexico`),
  KEY `FK9wibxfegqkl27jedd6kb6rh6x` (`id_genero`),
  KEY `FK3l2v599gf2wq4c71gs0243o43` (`id_nacionalidad`),
  KEY `FK8ssdyq5ue1xlflgu0sk8aeqwy` (`id_status`),
  CONSTRAINT `FK3l2v599gf2wq4c71gs0243o43` FOREIGN KEY (`id_nacionalidad`) REFERENCES `utmir_nacionalidad` (`id_nacionalidad`),
  CONSTRAINT `FK8q3wmbracfitnomcbqdy4dr7c` FOREIGN KEY (`id_estados_mexico`) REFERENCES `estados_mexico` (`id_estado_mexico`),
  CONSTRAINT `FK8ssdyq5ue1xlflgu0sk8aeqwy` FOREIGN KEY (`id_status`) REFERENCES `utmir_status` (`id_status`),
  CONSTRAINT `FK9wibxfegqkl27jedd6kb6rh6x` FOREIGN KEY (`id_genero`) REFERENCES `utmir_genero` (`id_genero`)
) ENGINE=InnoDB DEFAULT CHARSET=utf8 COLLATE=utf8_spanish_ci;
/*!40101 SET character_set_client = @saved_cs_client */;

--
-- Dumping data for table `utmir_info_personal`
--

LOCK TABLES `utmir_info_personal` WRITE;
/*!40000 ALTER TABLE `utmir_info_personal` DISABLE KEYS */;
INSERT INTO `utmir_info_personal` VALUES ('164',NULL,NULL,NULL,NULL,'alan.velazquez@utmir.edu.mx',NULL,NULL,NULL,NULL,NULL,NULL,'$2a$10$1IM1xaI66Eg4lQiHeXUho.gANKIMvwJByDT6w4KW69jJBjYvAE5Mi',NULL,NULL,NULL,NULL,NULL,NULL,NULL),('177',NULL,NULL,NULL,NULL,'arnold.padilla@utmir.edu.mx',NULL,NULL,NULL,NULL,NULL,NULL,'$2a$10$rNdo1Q36TxtTlBAbzGI.BOo1YAnILLqaLxjd.Fy6/aEQZXzEY1J7S',NULL,NULL,NULL,NULL,NULL,NULL,NULL),('179',NULL,NULL,NULL,NULL,'claudia.trejo@utmir.edu.mx',NULL,NULL,NULL,NULL,NULL,NULL,'$2a$10$sWgD/mjIE7nKas9FzSdHDO2A7lgD3lFL.hjQbyxZ2f0FfOVHcgaAy',NULL,NULL,NULL,NULL,NULL,NULL,NULL),('2403001','MENDOZA','RICARDO','RIMI040205MHGCNTA6','20','itzelricardo100@gmail.com','2004-02-05','CHAVARRIA','MINERAL DE LA REFORMA ','ITZEL GUADALUPE',NULL,'7713918871','$2a$10$PJrMZqbA.Qe/ns60z5BC1eFKXOQc4nl1mKnh0su/D8N6R8Dw3pmIq',NULL,13,2,1,NULL,'3','2024-03-08'),('2403002','LUGO','GUTIERREZ','GULJ970709HDFTGQ07','26','nekoadictoxbgear@gmail.com','1997-07-09','CDMX','CUAUHTMEOC','JOAQUIN SILVERIO',NULL,'5525681932','$2a$10$.vZ/CoytM0st8wEWfZARrONuFkpzAK0Mygwp9bKEh25t7EvGU5U5q',NULL,9,1,1,NULL,'3','2024-03-08'),('2403003','TELLEZ','HERNANDEZ','HETJ050107MPLRLSA7','19','montht9@gmail.com','2005-01-07','PUEBLA','PUEBLA','JOSELIN MONTSERRAT',NULL,'7712093042','$2a$10$ltywKy.stbiC36p0HJH1LuxF5CM3GianlldXSGgbrEl1.CfzZsMkO',NULL,21,2,1,NULL,'3','2024-03-08'),('2403004','ANGELES','PLATA','PAAA050401MHGLNRA2','18','araceliplata0104@gmail.com','2005-04-01','ZACUALTIPAN DE ANGELES ','ZACUALTIPAN DE ANGELES ','ARACELI',NULL,'7712019176','$2a$10$AQvW.moS.8Np/2tfkH2T7.9K9X/LUiH30JQh.TnVHWMtLSi.nMw1q',NULL,13,2,1,NULL,'3','2024-03-08'),('2403005','HERNANDEZ ','MONROY ','MOHD061009MHGNRLA0','17','dulcemichelle12345@gmail.com','2006-10-09','ZACUALTIPAN DE ANGELES','ZACUALTIPAN DE ANGELES','DULCE MICHELLE ',NULL,'7712433449','$2a$10$7iSwqFRNMlNpts0x8LQaWeSIPswukYUgfrYl38ZVt3mZ9mVX7JZBa',NULL,13,2,1,NULL,'3','2024-03-08'),('2403006','OSORIO','ZAVALA','ZAOM050820HMCVSSA4','18','moiseszavalaoso@gmail.com','2005-08-20','ESTADO DE MEXICO','COACALCO DE BERRIOZABAL','MOISES ARAM',NULL,'7751620834','$2a$10$9ukFoE88HgqTVD8SBdNgo.E2Jym0QFoTw1hJRt4sVJdLWO3wQKJgK',NULL,15,1,1,NULL,'3','2024-03-08'),('2403007','VALENCIA','ORTIZ','OIVP061018MHGRLRA1','17','perlaortizvalencia@gmail.com','2006-10-18','PACHUCA DE SOTO','PACHUCA DE SOTO','PERLA',NULL,'7715670383','$2a$10$hrdf/oh0ErwclMcqMnJ/0uaU.kwgrRvrVk0ZCmlulg5KMhzmGG7kC',NULL,13,2,1,NULL,'3','2024-03-08'),('2403008','TREJO','SANCHEZ','SALTL041230HHGNRSA','19','sancheztrejoluis51@gmail.com','2004-12-30','MINERAL DE LA REFORMA','PACHUCA DE SOTO','JOSE LUIS',NULL,'7715358383','$2a$10$4Wfs.VlnANIzCz1.X27Qs.mZpB3LuD9LhYTezbgc583uvKI7qV6yK',NULL,13,1,1,NULL,'3','2024-03-08'),('2403009','LAZCANO','TELLO','TELT051011MHGLZFA5','18','tifanyzenaida28@gmail.com','2005-10-11','PACHUCA DE SOTO','PACHUCA DE SOTO','TIFANY ZENAIDA',NULL,'7713397368','$2a$10$kDXZgY70h0xpcFRFNDLr5.YoBYbZJcjh82RcWL1.l6PnG22NTO2fu',NULL,13,2,1,NULL,'3','2024-03-08'),('2403010','SUAREZ','MORALES','MOSD061024HDFRRVA9','17','dum22morales@gmail.com','2006-10-24','AZCAPOTZALCO ','AZCAPOTZALCO ','DAVID URIEL',NULL,'7713596983','$2a$10$Bgf6BsHM2MpnnQ9wffXozO/XicYXF24U/m4G/hNS1tEjryzk0eTnq',NULL,9,1,1,NULL,'3','2024-03-08'),('2403011','HENKEL','RUIZ ','RUHE060719MHGZNMA2','17','milyhenkel@gmail.com','2006-07-19','PACHUCA DE SOTO','PACHUCA DE SOTO','EMILY LILIANA',NULL,'7711325834','$2a$10$HpEqNhLdAbaZKJ8lc0fLEuI3qIkVaAt/gcoXZpKFLPyfexGVpo2jK',NULL,13,2,1,NULL,'3','2024-03-08'),('2403012','BARRAZA','AVILA','AIBS061004MHGVRRA0','17','Sarahibarraza206@gmail.com','2006-10-04','ACAYUCA','ZAPOTLAN DE JUAREZ','SARAHI',NULL,'7713380331','$2a$10$12POaNSdS5DlXtT879pFb.JWThe7RqXXMi7ErKAH2A7wQuLChMJnW',NULL,13,2,1,NULL,'3','2024-03-08'),('2403013','MENDOZA','GONZALEZ','GOMG061124MHGNNBA7','17','gg429896@gmail.com','2006-11-24','PACHUCA DE SOTO','PACHUCA DE SOTO','GABRIELA',NULL,'7791044040','$2a$10$y2bhnem5ty7J8/h/HcbgF.ROS3WyElNb4t5zQAMTafLef4sxDPgYy',NULL,13,2,1,NULL,'3','2024-03-08'),('2403014','MONTIEL','HERNANDEZ','HEMM050125MDFRNRA0','19','atsehdzm@gmail.com','2005-01-25','CIUDAD DE MEXICO','MIGUEL HIDALGO','MARTHA ATSEGINE',NULL,'7713977839','$2a$10$hXrc4IEOsF.oce3biSSiueA05F51uKjpLcrruOqi5RgcChL5Yr1xW',NULL,9,2,1,NULL,'3','2024-03-11'),('2403015','HERNANDEZ','HERNANDEZ','HEHJ050331HHGRRNA0','18','juanitorex15@gmail.com','2005-03-31','PACHUCA DE SOTO','PACHUCA DE SOTO','JUAN DE DIOS',NULL,'7714037927','$2a$10$tpoTJOxUC9b8eNJaBon/Aui1/uGvaGUE/NlLWa98eHzxqscDMHk9S',NULL,13,1,1,NULL,'3','2024-03-11'),('2403016','REFUGIO','MENDOZA','MERA050322HHGNFLA3','18','axxmendoza2203@gmail.com','2005-03-22','PACHUCA DE SOTO','PACHUCA DE SOTO','ALEX FERNANDO ',NULL,'7713434691','$2a$10$a3GQ2Q3XjLtMhzrntIkp4eMxgFxSmdJm2tB3TPgtXJ3KxbuFO/QHi',NULL,13,1,1,NULL,'3','2024-03-11'),('2403017','RIVERO','QUIJAS','QURM020913HHGJVSA6','21','alexqr11@gmail.com','2002-09-13','PACHUCA DE SOTO','PACHUCA DE SOTO','MISSAEL ALEJANDRO',NULL,'7712179175','$2a$10$/r.o.kal6irLo98voOyfFeDS2xvnSbudlmmIQWszkWCaBS24d5s/m',NULL,13,1,1,NULL,'3','2024-03-11'),('2403018','PEREZ','ZAMORA','ZAPA050625HHGMRNA8','18','zamorapereza803@gmail.com','2005-06-25','PACHUCA DE SOTO','MINERAL DE LA REFORMA','ANGEL OSWALDO',NULL,'7711214309','$2a$10$/vbCrJG4QftT0zHhJcEbc.gWzUCECT1X56DfIwlCd7r88gRJAni6u',NULL,13,1,1,NULL,'3','2024-03-11'),('2403019','BELTRAN','SANCHEZ','SABJ051121MHGNLNA1','18','sanchezbeltranjenni21@gmail.com','2005-11-21','PACHUCA DE SOTO','PACHUCA DE SOTO','JENNIFER',NULL,'7713212498','$2a$10$JIFqhVEhrDosn/62e4Luj.Xm3N.A49rrLJ/z25aDm.NHL2k5mMLqi',NULL,13,2,1,NULL,'3','2024-03-11'),('2403020','MARTINEZ','PEREZ','PEMO051008HHGRRMA9','18','RAGEMO11@gmail.com','2005-10-08','HUEJUTLA','HUEJUTLA DE REYES HIDALGO','OMEGAR',NULL,'7711120328','$2a$10$qavZUPj.f34NG0HuKxVDzud5sHNYmYV4ixO9yeGdmrECQSi61qw4q',NULL,13,1,1,NULL,'3','2024-03-11'),('2403021','HERNANDEZ','MARTINEZ ','MAHB040827HHGRRRA7','19','theadversedani101@gmail.com','2004-08-27','CENTRO','TULANCINGO DE BRAVO ','BRENART DANIEL',NULL,'7717749178','$2a$10$INGZMtOsCNciboM/YjEoeO9WFaWtyAbvRK/V5FyhOC9Dr813BkJL6',NULL,13,1,1,NULL,'3','2024-03-11'),('2403022','AYALA','PARRA','PAAA850428HDFRYR08','38','rigardo1985@icloud.com','1985-04-28','MIGUEL HIDALGO','CIUDAD DE MEXICO','ARMANDO ',NULL,'5525407797','$2a$10$Q80/PBNrgcH00XkSne7FyOCrNcJXeF8JCbGB5VWNCeL191OsPlTgG',NULL,9,1,1,NULL,'3','2024-03-11'),('2403023','PADILLA ','NAVARRO','NAPM030117HDFVDGA0','21','migueldavidnavarropadilla7@gmail.com','2003-01-17','CIUDAD DE MEXICO ','MINERAL DE LA REFORMA','MIGUEL DAVID ',NULL,'7714389655','$2a$10$M.yHEW91X91FrHJenoi9duzrIUzWPqA0Ed3vYqEZo8XmLHYSF9AJW',NULL,15,1,1,NULL,'3','2024-03-11'),('2403024','UBANDO','LOPEZ','LOUW060419MHGPBLA5','17','lopezubandowilkaamaral.286@gmail.com','2006-04-19','PACHUCA DE SOTO','PACHUCA DE SOTO','WILKA AMARAL',NULL,'7715010343','$2a$10$mqdasA61tLeO9cHcm3VKZegevzkKayiMO.yDnyiP8cZsVd8JioxLu',NULL,13,2,1,NULL,'3','2024-03-11'),('2403025','TRINIDAD','VASQUEZ','VATL050211HMCSRSA7','19','Vasquez.lat@gmail.com','2005-02-11','NEZAHUALCOYOTL','NEZAHUALCOYOTL','LUIS ANGEL',NULL,'5547831462','$2a$10$GDOkiwdnAPCBpWCmGQmpvOStSLgOyqiAmRkGJuJVZr/JgU3ELlpa6',NULL,15,1,1,NULL,'3','2024-03-11'),('2403026','FAJARDO','ANTONIO','AOFS050116MDFNJFA7','19','sofiafajardo061@gmail.com','2005-01-16','CUIDAD DE MEXICO','TLATELOLCO','SOFIA DESSIRE',NULL,'7713391916','$2a$10$KEAdI9KKT3Lt8c1bIyIgmuHoJUDHGVRCqFNP5u8VjAJBJk0VZuUV.',NULL,15,2,1,NULL,'3','2024-03-11'),('2403027','RUIZ','MARTINEZ ','MARF040817MDFRZRA3','19','ferchitamartinez04@gmail.com','2004-08-17','ESTADO DE MEXICO','CIUDAD DE MEXICO','MARIA FERNANDA ',NULL,'7712985451','$2a$10$2m7Ud1J/L5HajAnvwM4km.CTo8raf//V3FTmndOkRRKNcPgAAuYS2',NULL,9,2,1,NULL,'3','2024-03-11'),('2403028','ZAMORA','LOPEZ','LOZB041025MHGPMRA4','19','briskaslop@gmail.com','2004-10-25','PACHUCA DE SOTO','PACHUCA DE SOTO','BRISA KASANDRA',NULL,'7717473340','$2a$10$59NKS0yyld/2BNasIYKNxuXe3YRb4XZF8e9Fr04rZ9xx5ZGs.d3Om',NULL,13,2,1,NULL,'3','2024-03-11'),('2403029','GUZMAN','REYES ','REGD060824MHGYZN06','17','moratguzman@gmail.com','2006-08-24','PACHUCA','PACHUCA ','DANNA ALEJANDRA',NULL,'7713488062','$2a$10$MzU1reysqzNfrhrSCmj.6OXIHbFgTW0v6MaRNrKNO3ov.ZpwzhHwu',NULL,13,2,1,NULL,'3','2024-03-11'),('2403030','CRESPO','OLVERA','OECS060224MHGLRHA0','18','cresposherlyn817@gmail.com','2006-02-24','PACHUCA DE SOTO','PACHUCA DE SOTO','SHERLYN DESIREE',NULL,'7381000252','$2a$10$mI1DTOzSaF.6JmYttDt8ZOx3JRY4NOnsSorF2oYmFQ9fJZPhN1QbS',NULL,13,2,1,NULL,'3','2024-03-11'),('2403031','ISLAS ','SAN JUAN ','SAIG060226HHGNSBA1','18','karo.islas@gmail.com','2006-02-26','PACHUCA','PACHUCA','GABRIEL ',NULL,'7711441370','$2a$10$Km4jErTTDfkoMyKLKjV83e0xxRSdVF4vzp7EAeR9MiwDlIL6B2Y8K',NULL,13,1,1,NULL,'3','2024-03-11'),('2403032','GUTIERREZ','HERNANDEZ','HEGB060414HHGRTRA2','17','hernandez.gutierrez.brandon.286@gmail.com','2006-04-14','PACHUCA DE SOTO','PACHUCA DE SOTO','BRANDON ARTURO',NULL,'7714055533','$2a$10$5ZCSzn4BSnwFDAd2umxkt.eTvJq1Q7sRhlaklT4kj9Ut.xwA6rY1G',NULL,13,1,1,NULL,'3','2024-03-11'),('2403033','VILLASENOR','FERNANDEZ','FEVA040518HDFRLBA7','19','israfevi180504@gmail.com','2004-05-18','TEPALCATES','IZTAPALAPA','ABDIEL ISRAEL',NULL,'7443791203','$2a$10$DWCXW/Bsrum/CQsqbHyK7eeHw3QrJuhxSe51AOWcflfrP1vpAWvki',NULL,15,1,1,NULL,'3','2024-03-11'),('2403034','MENDEZ','FAYAD','FAMH060713MTSYNNA5','17','daniela.fayad.mendez.06@gmail.com','2006-07-13','TAMPICO','TAMPICO ','HANNA DANIELA',NULL,'7712275662','$2a$10$lpPXMUi1cbBJM5R.dA5qB.o7xRFH7ZINDx9I80OpmcyibB5QuU4l2',NULL,28,2,1,NULL,'3','2024-03-11'),('2403035','CASTELAN','CALVA','CACP001203HHGLSDA0','23','piifiito.kk@gmail.com','2000-12-03','PACHUCA DE SOTO','PACHUCA DE SOTO','PEDRO',NULL,'7712981321','$2a$10$J/seBdNqIrSvFdFXtZBev.NRcQDFCPQoWyFlhNJ8GhIjCYfVLqxS6',NULL,13,1,1,NULL,'3','2024-03-11'),('2403036','CRUZ','MARTINEZ','MACF031109HHGRRRA7','20','fc7649391@gmail.com','2003-11-09','APAN','APAN ','FERNANDO ADYAHIR',NULL,'7717010860','$2a$10$wp.88qkfyyVMMrrNF.89QOyX4dsjs5ueKCGv8fTTtW4G4T019CQYC',NULL,13,1,1,NULL,'3','2024-03-12'),('2403037','GARCIA','HERNANDEZ ','HEGA060205MBCRRDA9','18','adilenehdz.050206@gmail.com','2006-02-05','TEJOCOTES','TIJUANA','ADILENE',NULL,'7714234332','$2a$10$QXFQrhJ4rBQZIdc4EEUla.d4WXMEGS3hn7NDPBKJlh47gAzz77WN.',NULL,2,2,1,NULL,'3','2024-03-12'),('2403038','GONZALEZ','JUAREZ','JUGA060519MHGRNMA2','17','americaj218@gmail.com','2006-05-19','PACHUCA DE SOTO','PACHUCA DE SOTO','AMERICA MICHELLE  ',NULL,'7712097170','$2a$10$aUxWpC6ngfL/eCVwziWWrul36ZoTRxc1x9F1F.pBDYNOwGsMOZy4e',NULL,13,2,1,NULL,'3','2024-03-12'),('2403039','LARA','SANCHEZ','SALR041211HHGNRCA3','19','rixcardxxx@gmail.com','2004-12-11','PACHUCA DE SOTO','PACHUCA DE SOTO','RICARDO TONATHIU',NULL,'7713403097','$2a$10$sf0ZsOntq46zY/KT.qn6HOOBr8U9208cbFxIPYrGWZFRF0k3T9G5K',NULL,13,1,1,NULL,'3','2024-03-12'),('2403040','BARRERA','MEJIA ','MEBE041220MHGJRMA0','19','emmitabm360.hy@gmail.com','2004-12-20','PACHUCA DE SOTO ','PACHUCA DE SOTO ','EMMA FERNANDA',NULL,'7717768239','$2a$10$fQlzEsPjCvt0EwTGJAJH5.EjnV3S7/qDY1Wcr8OclxO.GmD4X3cUa',NULL,13,2,1,NULL,'3','2024-03-12'),('2403041','HERNANDEZ','CHAVEZ','CAHD051213HHGHRNA4','18','danychaher1312@gmail.com','2005-12-13','HIDALGO','MINERAL DE LA REFORMA','DANIEL AARON',NULL,'7711275930','$2a$10$thy3Kl95nxcIKKqO79qdL.cwkiqC.uSDuarMibyD/Fzg4hrtsI6nO',NULL,13,1,1,NULL,'3','2024-03-12'),('2403042','PEREZ','SANTIAGO','SAPC061216HBCNRRA0','17','cristofersantiago143@gmail.com','2006-12-16','TIJUANA','ROSARITO','CRISTOFER',NULL,'5615276331','$2a$10$kV1pR6S7kseorZ4uTkRHeedKrwCUS.SA8tjFCDPAdfctRCxs2hICq',NULL,2,1,1,NULL,'3','2024-03-12'),('2403043','SOTO','CEDILLO','CESC051119MHGDTTA7','18','cscitlalic37@gmail.com','2005-11-19','PACHUCA DE SOTO','PACHUCA DE SOTO','CITLALIC',NULL,'7716916355','$2a$10$FatBUe.Og5KK9pm6x5iQ2.CYRnyNvrOGaO11KKkosGHxWSaZDuEoO',NULL,13,2,1,NULL,'3','2024-03-12'),('2403044','CARRERA','SANTILLAN','SACW020907MDFNRNA0','21','wendyyeraldi07@gmail.com','2002-09-07','DOCTORES','CUAUHTEMOC','WENDY YERALDI',NULL,'7491151303','$2a$10$pD6x7Q1iZNznaZs0b3kbNuWveymO2upOssYFkyL1Befo5JRwSsDqC',NULL,15,2,1,NULL,'3','2024-03-12'),('2403045','JUAN','ORTIZ','OIJG030228HDFRNBA5','21','gabrielortiiz881@gmail.com','2003-02-28','CIUDAD DE MEXICO ','NAUCALPAN DE JUAREZ','GABRIEL',NULL,'7713808240','$2a$10$ozPdO16k/WnAIV.Thf7BuOH7X3uILRiZbyajb6.GFhutR/ZibOSWu',NULL,15,1,1,NULL,'3','2024-03-12'),('2403046','JIMENEZ','ROSARIO','ROJK061227MDFSMRA8','17','karolrosario21@gmail.com','2006-12-27','CIUDAD DE MEXICO','CIUDAD DE MEXICO','KAROL ',NULL,'5529400093','$2a$10$nGotyW/oXIvrxi88.jMw6.TPMBifL7cuYDexJG.tBLWf2MreN75e2',NULL,15,2,1,NULL,'3','2024-03-13'),('2403047','DAVILA','IBANEZ','IADR050708HDFBVGA6','18','ibanezrogelio88@gmail.com','2005-07-08','CIUDAD DE MEXICO','PACHUCA DE SOTO','ROGELIO',NULL,'7713065224','$2a$10$hxYwOuUmiji.bt34AnJ0/eZBXHU2p7ieqcbFv4gHi5/tm/AzC9Q8K',NULL,15,1,1,NULL,'3','2024-03-13'),('2403048','MARTINEZ','BUSTAMANTE','BUML050724MHGSRSA5','18','lissethenderson74@gmail.com','2005-07-24','PACHUCA DE SOTO','PACHUCA DE SOTO','LISSET',NULL,'7716075338','$2a$10$ytDTMYf3YJGsX.yP3ltDVu5Q/wWffy74vwPkhH5WjhqO1A/T1V4G2',NULL,13,2,1,NULL,'3','2024-03-13'),('2403049','GARCIA','HERNANDEZ ','HEGC051009HHGRRRA5','18','cristogarcia96037@gmail.com','2005-10-09','PACHUCA DE SOTO','PACHUCA DE SOTO','CRISTOPHER',NULL,'7717572663','$2a$10$NCOgRkMVKFflDcdKFXo4eON.hf9qK2dgqrpM5tIznFEe.G0NSGXrO',NULL,13,1,1,NULL,'3','2024-03-13'),('2403050','PINEDA','JUAREZ','JUPA040923MHGRNLA1','19','alinejuarezpineda@gmail.com','2004-09-23','PACHUCA DE SOTO','PACHUCA DE SOTO','ALINE ESMERALDA',NULL,'7714202490','$2a$10$ylGZiMkiwmkoTzphUgRsWeLRrREdsE1KXQoytnDl9hwRW1oSO.8Je',NULL,13,2,1,NULL,'3','2024-03-13'),('2403051','BASILIO','PACHECO ','PABA020923HHGCSNA8','21','tonybasiliopm@gmail.com','2002-09-23','ARBOLADO','TASQUILLO','ANTONIO',NULL,'7721136141','$2a$10$aNrE9jfSz1Earb2gWJQSEu91k/5mXYXKI82OSUuEsK.2RQ4yqpwG.',NULL,13,1,1,NULL,'3','2024-03-13'),('2403052','MARTINEZ','MENDOZA','MEMX060705MHGNRMA0','17','ximenamendoza068@gmail.com','2006-05-05','PACHUCA DE SOTO','PACHUCA DE SOTO','XIMENA',NULL,'7751679361','$2a$10$e7pj5Mhcd3OxU1gql01QTeU6/2AGiosd3sW7p9svQigEWVBH.NF3G',NULL,13,2,1,NULL,'3','2024-03-13'),('2403053','BALBUENA','ISLAS','IABM060818HHGSLNA3','17','djmanuzomber@gmail.com','2006-08-18','PACHUCA DE SOTO','PACHUCA DE SOTO','MANUEL EDUARDO',NULL,'7714090086','$2a$10$bXxZli1HuQgDquJhZQQ2yu5anX37NnyRkX/q9DZsMWWfBSWh1gX5y',NULL,13,1,1,NULL,'3','2024-03-13'),('2403054','LOPEZ','RAMIREZ ','RALD050404HMCMPNA5','18','danielxander05@gmail.com','2005-04-04','ESTADO DE MEXICO','SAN JUAN ','DANIEL ALEXANDER',NULL,'5631206729','$2a$10$v0iphm05LVm3Vd9Bh.Zbfe088lvN6SC10emFZVCtjJyY8Z6Os2JoK',NULL,15,1,1,NULL,'3','2024-03-14'),('2403055','PELCASTRE','MARTINEZ ','MAPM060801MHGRLYA3','17','mayrinmtz4@gmail.com','2006-08-01','MINERAL DE LA REFORMA','MINERAL DE LA REFORMA ','MAYRIN',NULL,'7711865491','$2a$10$UGF/hBCSvRc9NvefjQuiJ.aIe/Zi4tV32UfMW1Toh8PdEuRITyu0i',NULL,13,2,1,NULL,'3','2024-03-14'),('2403056','VILCHIS','FERRER','FEVV060809MDFRLNA3','17','ferrervanya@gmail.com','2006-08-09','ALVARO OBREGON','ALVARO OBREGON','VANYA FERNANDA ',NULL,'7711641786','$2a$10$qtGwBqJT2XTQ9k0ekvSoL.sp4IwmDTIcHF/SZpmeD0m/92u2cURAK',NULL,9,2,1,NULL,'3','2024-03-15'),('2403057','PORTILLO','BECERRA','BEPL060823HMSCRSA7','17','becerraportilloluisalberto@gmail.com','2006-08-23','CUAUTLA','CUAUTLA','LUIS ALBERTO',NULL,'7352689830','$2a$10$ZXDJnG5T8QUh2jJu6uV9B.ynyby9C/K9JcroarLQ3noD2lgCbCjaO',NULL,17,1,1,NULL,'3','2024-03-15'),('2403058','MEZA','ASTILLA','AIMV010215MMCSZRA7','23','mezaviridiana79@gmail.com','2001-02-15','ESTADO DE MEXICO','NAUCALPAN DE JUAREZ','VIRIDIANA',NULL,'5624831366','$2a$10$9o/5QRFyJKLN/8MMofKod.ZACa9r1P3vmni3YYim2Ylh4sBMiEjdK',NULL,15,2,1,NULL,'3','2024-03-15'),('2403059','PAZ','MENDOZA','MEPD061004MHGNZLA6','17','mendozapazdulcelizeth@gmail.com','2006-10-04','PACHUCA DE SOTO','MINERAL DE LA REFORMA','DULCE LIZETH',NULL,'7711725773','$2a$10$rNWHYkG5.GkhQYwToW.Yrev1otyziLvPRe60xyZe4ahKNRQtHgy2y',NULL,13,2,1,NULL,'3','2024-03-15'),('2403060','RIVERA','CARREON ','CARM050419MHGRVLA4','18','melanyrubicarreonrivera@gmail.com','2005-04-19','TULANCINGO HIDALGO','HIDALGO','MELANY RUBI',NULL,'771760059','$2a$10$CsPt8G30Wr0g12ZzXRf8guXAvWdUoOZe9W6i3DtBJVCQCOP1X06Mu',NULL,13,2,1,NULL,'3','2024-03-15'),('2403061','ZAMORA','LOPEZ','LOZL041025MHGPMCA2','19','lucerolopezzamora@gmail.com','2004-10-25','PACHUCA DE SOTO','PACHUCA DE SOTO','LUCERO',NULL,'7713264912','$2a$10$x4cVxHOjiAtbfC5r9SuVVOwTkgLP7BxxmJaXSfZWapbfuBVTJzKZa',NULL,13,2,1,NULL,'3','2024-03-15'),('2403062','ROJAS','VARGAS','VARE050530HDFRJMA7','18','queenbea368@gmail.com','2005-05-30','IZTAPALAPA','IZTAPALAPA','EMMANUEL',NULL,'5583201485','$2a$10$mWX1Q0e52TGy8ClOmyvNqOlcksh2d8pRrniBEiqqZW/w7nLN/Ua2G',NULL,9,1,1,NULL,'3','2024-03-19'),('2403063','GARCIA','GARCIA','GAGA030401MMSRRLA5','20','alessandragarcia.garcian@gmail.com','2003-04-01','CUERNAVACA','CUERNAVACA','ALESSANDRA MICHELLE',NULL,'7713197756','$2a$10$N9sWExY01Wm7//Yh4/bo9ulcvGti6hYj6BuY3rwMZxfpNA8FI30K.',NULL,17,2,1,NULL,'3','2024-03-19'),('2403064','VIRUEL','SERRANO','SEVG060901HOCRRLA4','17','gilbertoyaelsrrranoviruel@gmail.com','2006-09-01','STGO.PINOTEPA NACIONAL','STGO. PINOTEPA NACIONAL','GILBERTO YAEL',NULL,'7717014326','$2a$10$G3vcS1rTENf6CwC1Pe3/euvNn67M/FpU2.X4rEzsCroKrvknYtHvK',NULL,20,1,1,NULL,'3','2024-03-19'),('2403065','VARGAS ','BAZAN ','BAVO060826HHGZRSA5','17','oswa.arturo26@gmail.com','2006-08-26','PACHUCA DE SOTO','PACHUCA DE SOTO','OSWALDO ARTURO ',NULL,'7712840368','$2a$10$G0SdMQh4VRIyoZZQEIt/U.gtO.6hYl87Pon0Zy/U2SkfLy1yvav.y',NULL,13,1,1,NULL,'3','2024-03-19'),('2403066','ORTIZ','AVILA','AIOA061212MHGVRLA8','17','allisongiselleavilaortiz@gmail.com','2006-12-12','PACHUCA DE SOTO','MINERAL DE LA REFORMA ','ALLISON GISELLE',NULL,'5277135498','$2a$10$A1QZp9TWYE.NNw8Rk.mWlebaNd8fFgdjM6yjMMGw1RBbC5.Sq2OoS',NULL,13,2,1,NULL,'3','2024-03-19'),('2403067','SANTANDER','MONROY ','MOSD051228MHGNNNA2','18','sudann53@gmail.com','2005-12-28','MINERAL DE LA REFORMA ','PACHUCA','DANNA SULIN ',NULL,'7713034688','$2a$10$DcEgkkwJPV1NIL2JKX1E7.5Lmu9FJR7PHZosxStL8HSzrsmDLF60i',NULL,13,2,1,NULL,'3','2024-03-19'),('2403068','ROMULO','ENRIQUEZ','EIRS010115MDFNMNA1','23','epaola419@gmail.com','2001-01-15','CIUDAD DE MEXICO','CIUDAD DE MEXICO','SANDRA PAOLA',NULL,'5636026660','$2a$10$BepOKIY5RVjx.4Wqozp7hOMLxludKrWTbWXyVpJWOGY.925d/x5zi',NULL,9,2,1,NULL,'3','2024-03-19'),('2403069','GARCIA','GONZALEZ ','GOGH050420HHGNRCA3','18','hectorgar2005@gmail.com','2005-04-20','MINERAL DE REFORMA ','MINERAL DE LA REFORMA','HECTOR GUSTAVO ',NULL,'7751328212','$2a$10$GU5jAO6xU9dkdWSzhV7Heu7SOz7oYCLSexvG3L6jjtQ4Miy8JSUi6',NULL,13,1,1,NULL,'3','2024-03-19'),('2403070','RAMIREZ','FLORES','FORI060625HHGLMMA8','17','floresramirezimanoladiel@gmail.com','2006-06-25','PACHUCA DE SOTO','PACHUCA DE SOTO','IMANOL ADIEL',NULL,'7711925945','$2a$10$I9NufrNIuoryrYs8zTAgoOaVbAx85dMbAE6SUdSDaekuTtsWvCbvK',NULL,13,1,1,NULL,'3','2024-03-19'),('2403071','CASTILLO','RODRIGUEZ','ROCC051015MMCDSRA0','18','rodriguez.castillo.carolinaa@gmail.com','2005-10-15','ESTADO DE MEXICO','ECATEPEC','CAROLINA',NULL,'7713453309','$2a$10$mTIlMLyqnXuOinYiX8KvLOV/hvKQJ4yqvhyl1X64LNnziR2zQwYf.',NULL,15,2,1,NULL,'3','2024-03-19'),('2403072','MONTES','CASTANEDA ','CAMS050712HHGSNLA6','18','jose.saul1207@gmail.com','2005-07-12','PACHUCA DE SOTO','PACHUCA DE SOTO','JOSE SAUL ',NULL,'7713539612','$2a$10$Mc/1ZPWICHG0z8N3gLpe1.LApp1Lr2tIoWrjPO2vRBsHXisdLySly',NULL,13,1,1,NULL,'3','2024-03-20'),('2403073','VALLES','SANCHEZ','SAVG050816MDFNLDA4','18','mariagsanchezv0@gmail.com','2005-08-16','ALVARO OBREGON','ALVARO OBREGON','MARIA GUADALUPE',NULL,'5551525221','$2a$10$7r34AKNpfQ9idcqCFPxh4.wX5IZeIJfXRuTsAV58dyBHZCAzQ5ld2',NULL,9,2,1,NULL,'3','2024-03-20'),('2403074','GARCIA ','LOPEZ ','LOGM051023MHGPRLA1','18','melissalopezgarcia633@gmail.com','20005-10-23','PACHUCA DE SOTO','PACHUCA DE SOTO','MELISSA GUADALUPE ',NULL,'7713435881','$2a$10$B.sS/3ftP0a2IZ6h/WY7m.gUsQEDM56s18bnuDadPbNCCCEU/xhRC',NULL,13,2,1,NULL,'3','2024-03-20'),('2403075','ORTIZ','AVILA','AIOA050705HHGVRLA1','18','gael.ortix@gmail.com','2005-05-05','PACHUCA DE SOTO','MINERAL DE LA REFORMA ','ALEXIS GAEL',NULL,'7711115936','$2a$10$8khmJkb0CjMc5uSW6WC2LeRZjt5Iq3L9AY4AGTD1GapDGg.BjeuKq',NULL,13,1,1,NULL,'3','2024-03-20'),('2403076','VARGAS','FERNANDEZ','FEVS040608MHGRRRA8','19','sarafernan438@gmail.com','2004-06-08','PACHUCA DE SOTO','PACHUCA DE SOTO','SARAHI',NULL,'7717416710','$2a$10$j7atWvDn1WKAflyq1WbBBO3dgA6.7VwqAQQwauNRpdtHU4PvAbxyy',NULL,13,2,1,NULL,'3','2024-03-20'),('2403077','JIMENEZ ','CESPEDES ','CEJA050423HHGSMLA9','18','israelces98@gmail.com','2005-04-23','PACHUCA DE SOTO','PACHUCA DE SOTO','ALAN ISRAEL ',NULL,'7712670624','$2a$10$boUwLiUmyvMSv6.E1jsvO.KAwMTcPMIxcSmBoAUJjCnHKzdhfLa2O',NULL,13,1,1,NULL,'3','2024-03-20'),('2403078','GUZMAN','GONZALEZ ','GOGL050614MHGNZLA6','18','llulin1406@gmail.com','2005-06-14','REMEDIOS','TASQUILLO','LLUVIA ALINE',NULL,'7721408869','$2a$10$eC1VtbuQ2JADhuozyi7MGei1lrtzJS8emDem.js8Aw39UTqpxOBXe',NULL,13,2,1,NULL,'3','2024-03-21'),('2403079','LUGO','LOZADA','LOLA051106MHGZGRA0','18','STEFFF.LUGO@GMAIL.COM','2005-11-06','PACHUCA DE SOTO','MINERAL DE LA REFORMA ','ARANTZA STEFANY',NULL,'7717931065','$2a$10$FRQ/eIrGr7ItcVnmoPt91.1I16pCS29yI1z3/8DDtd7n0ryHD3bMW',NULL,13,2,1,NULL,'3','2024-03-21'),('2403080','HERNANDEZ','JIMENEZ','JIHC060324HHGMRRA6','17','jimenezyovani949@gmail.com','2006-03-24','PACHUCA DE SOTO','PACHUCA DE SOTO','CARLOS YOVANI',NULL,'7714247830','$2a$10$rAiUh8lTtWfHOSSidjp6WeKeCeWDeZ8YGc8Yld4y/1mjbOT0A2Ap.',NULL,13,1,1,NULL,'3','2024-03-21'),('2403081','MARQUEZ ','MARTINEZ ','MAMY051025HHGRRSA5','18','YOSHIOZAID@GMAIL.COM','2005-10-25','PACHUCA ','MINERAL DE LA REFORMA ','YOSHIO ZAID ',NULL,'7711948104','$2a$10$f1UJtKcHiXEB4TgSN3TXs.de4iPiHKUfTFrVEzyYQs2sKeRr9ZFri',NULL,13,1,1,NULL,'3','2024-03-21'),('2403082','VILLEGAS','GARCIA','GAVL050817HDFRLNA9','18','garciavillegas443@gmail.com','2005-08-17','CIUDAD DE MEXICO','CIUDAD DE MEXICO','LEONARDO GAEL',NULL,'5526675546','$2a$10$cKXuwXnr66hGlVi4EY8Zkei2NHSn1Psm9rI4qkQM3mHbo/mIx0WUS',NULL,9,1,1,NULL,'3','2024-03-21'),('2403083','TORRES','RAMIREZ','RXTA060531JNEMRLA0','17','alexi3017@gmail.com','2006-05-31','NASHVILLE','NASHVILLE TENNESSEE USA','ALEXIS',NULL,'5631055865','$2a$10$pj4MUIc7HQAHu/gFs8scA.lholfbhj7FvMLp0/z6ShOoir/ALwkk6',NULL,33,1,1,NULL,'3','2024-03-22'),('2403084','AVILA','LOPEZ','LOAD030207MMCPVSA1','21','ldeisy613@gmail.com','2003-02-07','SAN MIGUEL DE LOS JAGUEYES','ESTADO DE MEXICO','DEISY',NULL,'7713479878','$2a$10$bJaCmYUj6p2CB3.CO..tyeDZTMgOr5.nxF/Ww2ClW/Rv6tNYiapem',NULL,15,2,1,NULL,'3','2024-03-22'),('2403085','VAZQUEZ','GUTIERREZ','GUVA040320MHGTZNA4','20','yaretguva@gmail.com','2004-03-20','PACHUCA DE SOTO','PACHUCA DE SOTO','ANGELA YARET ',NULL,'7711803574','$2a$10$6S3lQKJFD2uK6RlEFsWAw.xsY83vuXnl62xIMH5G804XsRF12eY4G',NULL,13,2,1,NULL,'3','2024-03-25'),('2403086','CANO','HERNANDEZ','HECJ060625HHGRNSA0','17','josue250hc@gmail.com','2006-06-25','SAN JOSE PALMA GORDA','MINERAL DE LA REFORMA','JOSUE',NULL,'7717053216','$2a$10$OHU02KjSdMU4Ggv7Dn/s4um6RsX52U2wxPT8441PSzPd4Sos/Hc2m',NULL,13,1,1,NULL,'3','2024-03-25'),('2403087','VEGA','RODRIGUEZ ','ROVY061226HHGDGSA1','17','yosefrodriguez80@gmail.com','2006-12-26','PACHUCA DE SOTO','PACHUCA DE SOTO','YOSEF',NULL,'5630427814','$2a$10$FFLCT/XXKwicE2MACviVBuLfmbau98qXqJ5WvLxnPE04zcgnryW7q',NULL,13,1,1,NULL,'3','2024-03-25'),('2403088','HERNANDEZ','CANDIA','CAHP061019MHGNRMA7','17','desyre.candy@gmail.com','2006-10-19','APAN','APAN','PAMELA DESYRE',NULL,'7757210295','$2a$10$6kw.J4ItjYOxwVBBBz0L4.NNI4hLxvQ1tEd4ZyGd2QHjF6F.RA1BG',NULL,13,2,1,NULL,'3','2024-03-25'),('2403089','HERNANDEZ','MUNOZ','MUHE060320HMCXRRA6','18','hassadhernandez87@gmail.com','2006-03-20','ESTADO DE MEXICO','GUSTAVO A. MADERO','ERICK HASSAD',NULL,'7715008030','$2a$10$bz2CUGxnZ7BC8hexzLFDF.U9rRV/9b3SRjNPQjXqYV0f4kDCN4pI2',NULL,15,1,1,NULL,'3','2024-03-25'),('2403090','AMADOR ','LUNA','LUAM060813MHGNMRA4','17','marlunamador85@gmail.com','2006-08-13','XOLOXTITLA','EPAZOYUCAN ','MARLENE ',NULL,'7712611197','$2a$10$TCmQxUQQtp0FjhS6QI0r0O5xbGFGkANZDitJhyFxeanx2QsxLvTma',NULL,13,2,1,NULL,'3','2024-03-26'),('2403091','FLORES','VITE','VIFJ050611HHGTLSA1','18','vitejared50@gmail.com','2005-06-11','PACHUCA DE SOTO','PACHUCA DE SOTO','JESUS JARED',NULL,'7298203855','$2a$10$tiLv9RnxjUCBW755pzdq2e30Ki.qZYIrFTM6uUiMAJ6sBinsXWWH6',NULL,13,1,1,NULL,'3','2024-03-27'),('2403092','MARTINEZ','ROMERO','ROMF111206HMCMRRA7','17','romerofernando212870054.5@gmail.com','2006-11-12','TEXCOCO','TEXCOCO','FERNANDO',NULL,'7717004529','$2a$10$SdmXZ3EGwqlL09ngL0Mt2ePryGUdRLbm/hOz0wr8GOrPCu3FzPnzu',NULL,15,1,1,NULL,'3','2024-03-27'),('2403093','PINEDA','SALAZAR','SAPJ020808HDFLNSA0','21','jguillermosp882@gmail.com','2002-08-08','ESTADO DE MEXICO','MINERAL DE LA REFORMA ','JOSUE GUILLERMO',NULL,'7711603662','$2a$10$umSRdwdGWBP/DmHcY6rpI.gktHBN1BCv1lt3Sv0AiRYxZWANfvaw6',NULL,13,1,1,NULL,'3','2024-03-27'),('2403094','VEGA','MORENO','MOVA040330HHGRGLA4','19','delaalbertodeoz@gmail.com','2004-03-30','MINERAL DE LA REFORMA','PACHUCA DE SOTO','ALBERTO URIEL',NULL,'7713447948','$2a$10$TeABQOzz8QU0PAiciFi7b.7JYG4tvwAKNaZk9TYNuF8J4cX12f4Zi',NULL,13,1,1,NULL,'3','2024-03-27'),('2403095','MEZA','MORENO','MOMJ051107HHGRZRA2','18','jorammeza49@gmail.com','2005-11-07','ZACUALTIPAN DE ANGELES ','ZACUALTIPAN ','JORAM ATLAI',NULL,'7712032002','$2a$10$2Q8ySVTxikNe0ODdwz3E6eq9tZOXJvgDOpxCRxxExBf/B0NBIWuSG',NULL,13,1,1,NULL,'3','2024-04-01'),('2403096','CORDERO','GONZALEZ','GOCB021029MHGNRRA9','21','brendagonzalezcordero@gmail.com','2002-10-29','MINERAL DE LA REFORMA','PACHUCA DE SOTO','BRENDA',NULL,'7713346182','$2a$10$Rl1DzQqgQBLOYaYVBPpkfuP9DtQ8LxDZPd/mzfGvKr9yXagPydGJm',NULL,13,2,1,NULL,'3','2024-04-01'),('2403097','CASTILLO','BARRERA','BACN061017HHGRSRA1','17','n0rb3rt0bc@gmail.com','2006-10-17','PACHUCA DE SOTO','PACHUCA DE SOTO','NORBERTO',NULL,'7711462604','$2a$10$xsj3SXDizkgX/HbpG6B6QuNP9o9Do1PCZ5IppLog6/6ES6eS0a6K.',NULL,13,1,1,NULL,'3','2024-04-02'),('2403098','ZACATENCO','CERVANTES','CEZG060718HHGRCLA1','17','guillermocz2006@gmail.com','2006-07-18','TULANCINGO DE BRAVO ','TULANCINGO DE BRAVO ','JOSE GUILLERMO',NULL,'7711875304','$2a$10$so7t5Tpf059.eILCwpSOKeE18rgWbA5ypGQarmYFazkn7DKboJAjG',NULL,13,1,1,NULL,'3','2024-04-02'),('2403099','HERNANDEZ','BARCENAS ','BAHF051004HHGRRRA5','18','emamuelohz@gmail.com','2005-10-04','CUAUTEPEC DE HINOJOSA','TULANCINGO DE BRAVO ','FRANCISCO EMMANUEL',NULL,'7751555784','$2a$10$bkx/CQrqOSrb8RDnLpoQf.qPkSwYHL4PmCpuFvZMdAMOTS6O1npSW',NULL,13,1,1,NULL,'3','2024-04-02'),('2403100','JUAREZ','REYES','REJK060818HHGYRRA4','17','reyeskristofer07@gmail.com','2006-08-18','PROGRESO DE OBREGON','PROGRESO DE OBREGON','KRISTOFER',NULL,'7721316460','$2a$10$Bbzg1figb8Q4tutl8Hk9UO3QrliFcFgwXEYQFbGw53jN925UNpdKu',NULL,13,1,1,NULL,'3','2024-04-03'),('2403101','ALAMILLA','SOTUYO','SOAC061108HHGTLRA1','17','alx0cri@gmail.com','2006-11-08','MIXQUIHUALA DE JUAREZ ','MIXQUIHUALA DE JUAREZ ','CRISTIAN ALEXIS ',NULL,'7731729086','$2a$10$6comliGq0ZN3kv06ki9tT.ewoGrykvBIZNPgAzkOFzFsAf5JW5MuO',NULL,13,1,1,NULL,'3','2024-04-03'),('2403102','FLORES','UTRILLA','UIFM060401HHGTLGA2','18','miguelsaacutrillaflores@gmail.com','2006-04-01','MIXQUIAHUALA DE JUAREZ','MIXQUIAHUALA DE JUAREZ','MIGUEL ISAAC',NULL,'7721656075','$2a$10$1Fef9jkN4v08ZLi592qjZOJRum76CIV9OzLM..vNfSW79DLO3v7fe',NULL,13,1,1,NULL,'3','2024-04-03'),('2403103','ARRIETA','VIZUETO','VIAM060424MHGZRRA3','17','vizuetomarisol@gmail.com','2006-04-24','PACHUCA DE SOTO','PACHUCA DE SOTO','MARISOL',NULL,'7713336626','$2a$10$PXo00WiSxMq95nc1rVHOOuVq3xAkLLseKHh6cOEKilOThaCEDX73C',NULL,13,2,1,NULL,'3','2024-04-03'),('2403104','MARTINEZ','AGUILAR','AUMV061019MHGGRNA8','17','aguilarvania164@gmail.com','2006-10-19','PACHUCA DE SOTO','ZEMPOALA','VANIA',NULL,'7711149563','$2a$10$AC1HqpE8OZhO5I/uaO/M/O/IzewUzWyuNffnEE2BLJKlfUeoy4UWm',NULL,13,2,1,NULL,'3','2024-04-04'),('2403105','ATANASIO','NOL','NOAA060213HDFLTLA9','18','alam.nol.atanasio@gmail.com','2006-02-13','CIUDAD DE MEXICO','GUSTAVO A. MADERO','ALAM NOE',NULL,'7712608212','$2a$10$EJZ61bdO/cO1rhsAOQZtze4qs5UEtLPmt.rIyOABzc5TJ0OopeqCW',NULL,9,1,1,NULL,'3','2024-04-04'),('2403106','GUTIERREZ ','HERNANDEZ ','HEGD050919HHGRTLA6','18','dilanh276@gmail.com','2005-09-19','TEPEAPULCO','TEPEAPULCO','DILAN ',NULL,'7753664609','$2a$10$f9P2ZDYLEeGWj3MaLTZB3.xrvzrU/xaaAJhrCFrZTjB7Ne7H2ViFW',NULL,13,1,1,NULL,'3','2024-04-05'),('2403107','VALENCIA','PARRA','PAVB060516HHGRLRA9','17','parravalenciabrandonabed@gmail.com','2006-05-16','MINERAL DE LA REFORMA','MINERAL DE LA REFORMA ','BRANDON ABED ',NULL,'7714217718','$2a$10$o.lRfQGCxbMspjM/rNtUCOi9ioNZ/gPRup3YBgoto4MT41FUqEylq',NULL,13,1,1,NULL,'3','2024-04-05'),('2403108','GOMEZ','ALCALA','AAGB060619MDFLMRA0','17','brendajatziryag@gmail.com','2006-06-19','CIUDAD DE MEXICO ','AZCAPOTZALCO','BRENDA JATZIRY',NULL,'5537202396','$2a$10$N1eL0CXqx0IaLT5Q5aEMq.D87jLSPwkTRb9dJcDE.YzLDQnSTEhCm',NULL,9,2,1,NULL,'3','2024-04-08'),('2403109','HERNANDEZ ','PAVON','PAHV050904MHGVRRA3','18','veroph611@gmail.com','2005-09-04','MINERAL DE LA REFORMA','PACHUCA DE SOTO','VERONICA MICHELLE ',NULL,'7714756387','$2a$10$tJLbIOx6upBfrVBxVH6sSutfCgttSeu9RunHa7CrRz3.XjHBd2nMW',NULL,13,2,1,NULL,'3','2024-04-08'),('2403110','VELAZQUEZ ','MOTA','MOVX051210MDFTLMA1','18','ximenamota29@gmail.com','2005-12-10','CIUDAD DE MEXICO','MINERAL DE LA REFORMA ','XIMENA',NULL,'7713345075','$2a$10$VURgZnew1PyWa6iXRugLyOmbKkKeCGgQwK7NwDU8/pEzUaQIk5yci',NULL,9,2,1,NULL,'3','2024-04-08'),('2403111','BARRERA','MORENO','MOBD061102MMCRRNA6','17','caramelito2099@gmail.com','2006-11-02','ESTADO DE MEXICO','CIUDAD DE MEXICO','DENISSE',NULL,'7713247012','$2a$10$qOVD0yOlSUgRs9T0V8UOReH3SiEpCUkXN0QK1dgYK0/R88AG43bMa',NULL,15,2,1,NULL,'3','2024-04-08'),('2403112','FELIX','CASTELLANOS','CAFB050629HHGSLRA3','18','brandonyisus05@gmail.com','2005-06-20','HUEJUTLA','PACHUCA DE SOTO','BRANDON DE JESUS',NULL,'7714217156','$2a$10$5jBNsKrpRsyijLoi5ZrdNOXgHMA1pI2W85wQnt7xZs3XCOpyCxFgG',NULL,13,1,1,NULL,'3','2024-04-09'),('2403113','ROSALES','ZARAGOZA','ZARA041220MHGRSDA2','19','adrianarosales03048@gmail.com','2004-12-20','PACHUCA DE SOTO','PACHUCA DE SOTO','ADRIANA AYME ',NULL,'7715100096','$2a$10$9XFVDQVSdlh31mxJpvbfK.du3FY3YgfWtsm7Jj7PcGpg6QePF3fiu',NULL,13,2,1,NULL,'3','2024-04-09'),('2403114','HERNANDEZ','DOMINGUEZ','DOHE061117MHGMRSA5','17','esmeraldadominguezhernandez7@gmail.com','2006-11-17','MINERAL DE LA REFORMA','MINERAL DE LA REFORMA ','ESMERALDA',NULL,'7711010863','$2a$10$giXGx/jqzPc.2M.6V.56T.KgQ0U2MtIU10MolQ2v/evZXHD98rqqa',NULL,13,2,1,NULL,'3','2024-04-09'),('2403115','OLVERA ','PINOS ','PIOA051007MDFNLLA7','18','marichuyolvera81@gmail.com','2005-10-07','CIUDAD DE MEXICO','CIUDAD DE MEXICO','ALEJANDRA MARISOL ',NULL,'5610969485','$2a$10$j04XBs3oE91PTDCxazmO/eHqM0sKbLc531EIJrynskFFW9rE43KtK',NULL,15,2,1,NULL,'3','2024-04-10'),('2403116','PALOMO','NARVAEZ','NAPX050201MDFRLCA7','19','narvaezpalomox@gmail.com','2005-02-01','MIGUE HIDALGO','LOMAS DE SOTELO','XOCHITL CITLALI',NULL,'5615414839','$2a$10$1.9SRFSLTPpn/rTpmGydNOr5Zo27/Znxuiq4.QwxAS6KbdVHazM5K',NULL,15,2,1,NULL,'3','2024-04-11'),('2403117','LOYOLA','GARCIA','GALA060125HMCRYBA7','18','abneryeray5@gmail.com','2006-01-25','ESTADO DE MEXICO','ECATEPEC ESTADO DE MEXICO','ABNER YERAY',NULL,'5585328226','$2a$10$zvUKKQGwSJ5MVImvn3xg.OaEgyYc9rMxlh8CwHSI5FXWDX4U4HolO',NULL,15,1,1,NULL,'3','2024-04-11'),('2403118','SANCHEZ ','ESTRADA','EASS050204HDFSNLA9','19','saulestradasanchez391@gmail.com','2005-02-04','CIUDAD DE MEXICO','IZTAPALAPA','SAUL ANTONIO ',NULL,'5539113641','$2a$10$QveEgJlQHJhbYPxUXhin0eZgMzDJGGdSmw7FSlcLT4GUB8gxTQkM6',NULL,9,1,1,NULL,'3','2024-04-11'),('2403119','GONZALEZ','SANTANDER','SAGC031104HHGNNRA2','20','santanderg058@gmail.com','2003-11-04','MINERAL DE LA REFORMA','PACHUCA DE SOTO','CARLOS EDUARDO',NULL,'5615341826','$2a$10$robl5XR22P1MaaQxKPf72OeP8SGRl05EcgYFmjZF50Wkn.Ko4sMoe',NULL,13,1,1,NULL,'3','2024-04-12'),('2403120','CERVANTES','VARGAS','VACJ060525MHGRRSA9','17','joselinvargas472@gmail.com','2006-05-25','PACHUCA DE SOTO','PACHUCA DE SOTO','JOSELINE',NULL,'7712339630','$2a$10$OGVA/IK3L/nJFnQXrLi.TODGfyRtIaBo2.Okk8c5HoXvVyspPaKX2',NULL,13,2,1,NULL,'3','2024-04-15'),('2403121','AQUINO ','VALDEZ ','VAAS041031HMCLQHA0','19','valdezshariel85@gmail.com','2004-10-31','ESTADO DE MEXICO','CIUDAD DE MEXICO','SHARIEL GABRIEL ',NULL,'5574900988','$2a$10$eIovxNsW5C/L2qolWm5GPupmosFl3Z5V1LFeNZU4b0fff.9wHZSvu',NULL,15,1,1,NULL,'3','2024-04-16'),('2403122','REYES ','VEGA ','VERJ041208HHGGYSA7','19','berpi000@gmail.com','2004-12-08','PACHUCA DE SOTO','PACHUCA DE SOTO','JESUS MANUEL ',NULL,'7714095117','$2a$10$z5xeX2sXraQnxsFNNKFFNeCiFRzq0UVMzNWIgwsm4rRcZ6vhSJ0ZG',NULL,13,1,1,NULL,'3','2024-04-16'),('2403123','CARRILLO','DE LUCIO','LUCI051102MHGCRNA5','18','ingriddelucio2005@gmail.com','2005-11-02','PACHUCA DE SOTO','PACHUCA DE SOTO','INGRID YAZCYL',NULL,'7713861389','$2a$10$ebPl.xfVRCkdnYLZGoU42Orxi7qGXbBX8a8lCkPwAo9JIkGnNnXrm',NULL,13,2,1,NULL,'3','2024-04-16'),('2403124','VILLAFAN','MARTINEZ ','MAVC040204HDFRLRA7','20','cristianshaarawy8@gmail.com','2004-02-04','CIUDAD DE MEXICO','CIUDAD DE MEXICO','CRISTIAN',NULL,'7712055270','$2a$10$15x6IZJbiNnS92XFECswsOL55ym.sQTLdS3cTvdGGnHhS4JcE5A..',NULL,9,1,1,NULL,'3','2024-04-17'),('2403125','PADILLA','URIBE','UIPL990626HHGRDS02','24','luisuribe9999@gmail.com','1999-06-26','HIDALGO','PACHUCA DE SOTO','LUIS GERARDO',NULL,'7711921145','$2a$10$nKg0P0gtd4h9q86MRxBD4eSbBxGMqBysA/cmswLlKxhLYqR729pae',NULL,13,1,1,NULL,'3','2024-04-17'),('2403126','PEREZ','VERA','VEPZ060811MHGRRLA9','17','veraperezzulliethsaddai@gmail.com','2006-08-11','PIRACANTOS','PACHUCA DE SOTO','ZULLIETH SADDAI',NULL,'7717015412','$2a$10$yapsriSV0.RCqcPbVKtGRuofghW3P6YGtPvr57WYQjTNn3rSCQUEG',NULL,13,2,1,NULL,'3','2024-04-17'),('2408',NULL,NULL,NULL,NULL,'2408v@test.com',NULL,NULL,NULL,NULL,NULL,NULL,'$2a$10$uSoqjl9AE6grHTsw2hslB.aZMNB/7KvFHsD7cH3UPZivCYttSiNoC',NULL,NULL,NULL,NULL,NULL,NULL,NULL),('2408F',NULL,NULL,NULL,NULL,'2408f@system.com',NULL,NULL,NULL,NULL,NULL,NULL,'$2a$10$eDItphqx6kexal4d8TW8VO8JdffCd85QUYP/qWU2ppI3WdnQczZRO',NULL,NULL,NULL,NULL,NULL,NULL,NULL),('35',NULL,NULL,NULL,NULL,'direccion.administrativa@utmir.edu.mx',NULL,NULL,NULL,NULL,NULL,NULL,'$2a$10$XzmMibsgi7j9tQXFksEx..9jdhh1OS5YF6ys80XkN4KPW22fF4J62',NULL,NULL,NULL,NULL,NULL,NULL,NULL),('65',NULL,NULL,NULL,NULL,'serviciosescolares@utmir.edu.mx',NULL,NULL,NULL,NULL,NULL,NULL,'$2a$10$40FCDKR7x36pCf932P468uDWE1dkpxaZvT41CL3X6dTxAjXwu1sg2',NULL,NULL,NULL,NULL,NULL,NULL,NULL),('91',NULL,NULL,NULL,NULL,'informes@utmir.edu.mx',NULL,NULL,NULL,NULL,NULL,NULL,'$2a$10$KxXLTA13iyfqk2fdM/z92OZA/bmvtTTQ1Ezm6QB3uqSHIz4HZl0Ga',NULL,NULL,NULL,NULL,NULL,NULL,NULL),('93',NULL,NULL,NULL,NULL,'direccion.vinculacion@utmir.edu.mx',NULL,NULL,NULL,NULL,NULL,NULL,'$2a$10$WwR512EPm42/liJD.CByQ.Jy6UdaNWa8z7Frcmx7BbVAUniMda6U.',NULL,NULL,NULL,NULL,NULL,NULL,NULL);
/*!40000 ALTER TABLE `utmir_info_personal` ENABLE KEYS */;
UNLOCK TABLES;

--
-- Table structure for table `utmir_informacion_academica`
--

DROP TABLE IF EXISTS `utmir_informacion_academica`;
/*!40101 SET @saved_cs_client     = @@character_set_client */;
/*!40101 SET character_set_client = utf8 */;
CREATE TABLE `utmir_informacion_academica` (
  `id` bigint(20) NOT NULL AUTO_INCREMENT,
  `correo_institucional` varchar(255) COLLATE utf8_spanish_ci DEFAULT NULL,
  `turno` varchar(255) COLLATE utf8_spanish_ci DEFAULT NULL,
  `matricula` varchar(255) COLLATE utf8_spanish_ci DEFAULT NULL,
  `id_cuatrimestre` bigint(20) DEFAULT NULL,
  `id_grupo` bigint(20) DEFAULT NULL,
  `id_periodo` bigint(20) DEFAULT NULL,
  `programa_educativo` bigint(20) DEFAULT NULL,
  `id_status` bigint(20) DEFAULT NULL,
  PRIMARY KEY (`id`),
  KEY `FKmx3cmpg5tnp7moupsqfnwaugd` (`matricula`),
  KEY `FKffpcithn6n7ik8mkfbnuwir1t` (`id_cuatrimestre`),
  KEY `FKfkl81jb705ahryom6r25mtero` (`id_grupo`),
  KEY `FKfc3gya7xlfhmfv2co6538grl6` (`id_periodo`),
  KEY `FKtp02bhjojmxygqn4bm1onw707` (`programa_educativo`),
  KEY `FKm1m3k4mtq9bukg9j1flcq669m` (`id_status`),
  CONSTRAINT `FKfc3gya7xlfhmfv2co6538grl6` FOREIGN KEY (`id_periodo`) REFERENCES `utmir_periodos` (`id`),
  CONSTRAINT `FKffpcithn6n7ik8mkfbnuwir1t` FOREIGN KEY (`id_cuatrimestre`) REFERENCES `utmir_cuatrimestres` (`id`),
  CONSTRAINT `FKfkl81jb705ahryom6r25mtero` FOREIGN KEY (`id_grupo`) REFERENCES `utmir_grupos` (`id`),
  CONSTRAINT `FKm1m3k4mtq9bukg9j1flcq669m` FOREIGN KEY (`id_status`) REFERENCES `utmir_status` (`id_status`),
  CONSTRAINT `FKmx3cmpg5tnp7moupsqfnwaugd` FOREIGN KEY (`matricula`) REFERENCES `utmir_info_personal` (`matricula`),
  CONSTRAINT `FKtp02bhjojmxygqn4bm1onw707` FOREIGN KEY (`programa_educativo`) REFERENCES `utmir_catalogo_carreras` (`id_carrera`)
) ENGINE=InnoDB DEFAULT CHARSET=utf8 COLLATE=utf8_spanish_ci;
/*!40101 SET character_set_client = @saved_cs_client */;

--
-- Dumping data for table `utmir_informacion_academica`
--

LOCK TABLES `utmir_informacion_academica` WRITE;
/*!40000 ALTER TABLE `utmir_informacion_academica` DISABLE KEYS */;
/*!40000 ALTER TABLE `utmir_informacion_academica` ENABLE KEYS */;
UNLOCK TABLES;

--
-- Table structure for table `utmir_informacion_medica`
--

DROP TABLE IF EXISTS `utmir_informacion_medica`;
/*!40101 SET @saved_cs_client     = @@character_set_client */;
/*!40101 SET character_set_client = utf8 */;
CREATE TABLE `utmir_informacion_medica` (
  `id_info_medica` bigint(20) NOT NULL AUTO_INCREMENT,
  `alergias` varchar(255) COLLATE utf8_spanish_ci DEFAULT NULL,
  `tiene_alergias` varchar(255) COLLATE utf8_spanish_ci DEFAULT NULL,
  `matricula` varchar(255) COLLATE utf8_spanish_ci DEFAULT NULL,
  `id_tipo_sangre` bigint(20) DEFAULT NULL,
  PRIMARY KEY (`id_info_medica`),
  UNIQUE KEY `UK_fkp9yntns15j23jlwk1d7kyvi` (`matricula`),
  KEY `FKaxwxureuusmue2imyn3l9nt2b` (`id_tipo_sangre`),
  CONSTRAINT `FKaxwxureuusmue2imyn3l9nt2b` FOREIGN KEY (`id_tipo_sangre`) REFERENCES `utmir_tipo_sangre` (`id_tipo_sangre`),
  CONSTRAINT `FKex28w9ymsqtrxfn0y5u2k356s` FOREIGN KEY (`matricula`) REFERENCES `utmir_info_personal` (`matricula`)
) ENGINE=InnoDB AUTO_INCREMENT=127 DEFAULT CHARSET=utf8 COLLATE=utf8_spanish_ci;
/*!40101 SET character_set_client = @saved_cs_client */;

--
-- Dumping data for table `utmir_informacion_medica`
--

LOCK TABLES `utmir_informacion_medica` WRITE;
/*!40000 ALTER TABLE `utmir_informacion_medica` DISABLE KEYS */;
INSERT INTO `utmir_informacion_medica` VALUES (1,NULL,'no','2403001',7),(2,NULL,'no','2403002',7),(3,NULL,'no','2403003',7),(4,NULL,'no','2403004',1),(5,NULL,'no','2403005',7),(6,NULL,'no','2403006',1),(7,'AGUACATE Y GLICERINA','si','2403007',1),(8,NULL,'no','2403008',7),(9,NULL,'no','2403009',1),(10,NULL,'no','2403010',1),(11,NULL,'no','2403011',1),(12,NULL,'no','2403012',7),(13,NULL,'no','2403013',7),(14,'ASTESEN Y COMPLEMENTOS VITAMINICOS','si','2403014',1),(15,'','no','2403015',1),(16,'MEDICAMENTOS COMO PENICILINA E IBUPROFENO ','si','2403016',7),(17,NULL,'no','2403017',7),(18,NULL,'no','2403019',7),(19,'PENISILINA','si','2403018',1),(20,NULL,'no','2403021',7),(21,'POLVO','si','2403020',7),(22,NULL,'no','2403022',1),(23,NULL,'no','2403024',7),(24,NULL,'no','2403023',3),(25,NULL,'no','2403025',7),(26,'ACIDO ACETILSALICILICO ','si','2403026',7),(27,NULL,'no','2403027',3),(28,NULL,'no','2403028',7),(29,NULL,'no','2403029',7),(30,'GATOS Y IBUPROFENO ','si','2403030',1),(31,'ACIDO CLAVULANICO ','si','2403031',3),(32,'RINITIS ALERGICA / ALERGIA  A LA PENICILINA','si','2403032',7),(33,'AMPICILINA','si','2403033',7),(34,'A LOS GATOS ','si','2403034',7),(35,NULL,'no','2403035',7),(36,NULL,'no','2403036',7),(37,NULL,'no','2403038',7),(38,NULL,'no','2403037',3),(39,NULL,'no','2403039',7),(40,NULL,'no','2403041',1),(41,NULL,'no','2403040',3),(42,NULL,'no','2403042',7),(43,NULL,'no','2403043',7),(44,NULL,'no','2403044',7),(45,'RINITIS ALERGICA','si','2403045',7),(46,NULL,'no','2403046',7),(47,NULL,'no','2403047',1),(48,NULL,'no','2403049',1),(49,NULL,'no','2403048',1),(50,NULL,'no','2403050',8),(51,NULL,'no','2403051',1),(52,NULL,'no','2403052',7),(53,'ALERGIA AL POLVO, A LA TIERRA ','si','2403053',7),(54,NULL,'no','2403054',1),(55,NULL,'no','2403055',7),(56,'PROTEINA LACTICA, AZITROMICINA, AMIKACINA','si','2403056',7),(57,NULL,'no','2403057',7),(58,NULL,'no','2403058',7),(59,NULL,'no','2403059',3),(60,NULL,'no','2403060',7),(61,NULL,'no','2403061',7),(62,'DURAZNO, POLVO DE LA MADERA.','si','2403062',1),(63,NULL,'no','2403063',7),(64,'GATOS','si','2403064',1),(65,NULL,'no','2403065',7),(66,NULL,'no','2403066',7),(67,NULL,'no','2403067',1),(68,NULL,'no','2403068',7),(69,NULL,'no','2403069',7),(70,NULL,'no','2403070',3),(71,NULL,'no','2403071',7),(72,NULL,'no','2403072',7),(73,'MEDICAMENTO SULFA Y ACICLOVIR','si','2403073',7),(74,NULL,'no','2403074',7),(75,NULL,'no','2403075',7),(76,NULL,'no','2403076',7),(77,NULL,'no','2403077',7),(78,NULL,'no','2403078',7),(79,NULL,'no','2403079',7),(80,NULL,'no','2403080',7),(81,'POLVO ','si','2403081',1),(82,NULL,'no','2403082',7),(83,NULL,'no','2403083',1),(84,NULL,'no','2403084',7),(85,NULL,'no','2403085',1),(86,NULL,'no','2403086',5),(87,NULL,'no','2403087',7),(88,NULL,'no','2403088',7),(89,NULL,'no','2403089',5),(90,NULL,'no','2403090',7),(91,NULL,'no','2403091',7),(92,NULL,'no','2403092',7),(93,'MEDICAMENTO CLORANFENICOL ','si','2403093',1),(94,'RINITIS ALERGICA ','si','2403094',6),(95,NULL,'no','2403095',7),(96,NULL,'no','2403096',7),(97,NULL,'no','2403097',1),(98,NULL,'no','2403098',7),(99,'PENICILINA','si','2403099',8),(100,NULL,'no','2403100',1),(101,NULL,'no','2403101',7),(102,NULL,'no','2403102',7),(103,NULL,'no','2403103',7),(104,NULL,'no','2403104',7),(105,NULL,'no','2403105',7),(106,NULL,'no','2403106',5),(107,'GATOS Y MARISCOS','si','2403107',7),(108,'TRIMETROPRIMA','si','2403108',7),(109,NULL,'no','2403109',7),(110,NULL,'no','2403110',7),(111,NULL,'no','2403111',7),(112,NULL,'no','2403112',7),(113,NULL,'no','2403113',7),(114,NULL,'no','2403114',7),(115,NULL,'no','2403115',7),(116,NULL,'no','2403117',7),(117,NULL,'no','2403116',7),(118,NULL,'no','2403118',7),(119,NULL,'no','2403119',3),(120,NULL,'no','2403120',7),(121,NULL,'no','2403121',1),(122,NULL,'no','2403122',7),(123,NULL,'no','2403123',7),(124,NULL,'no','2403124',3),(125,NULL,'no','2403125',3),(126,NULL,'no','2403126',3);
/*!40000 ALTER TABLE `utmir_informacion_medica` ENABLE KEYS */;
UNLOCK TABLES;

--
-- Table structure for table `utmir_log`
--

DROP TABLE IF EXISTS `utmir_log`;
/*!40101 SET @saved_cs_client     = @@character_set_client */;
/*!40101 SET character_set_client = utf8 */;
CREATE TABLE `utmir_log` (
  `id` bigint(20) NOT NULL AUTO_INCREMENT,
  `evento` varchar(255) COLLATE utf8_spanish_ci DEFAULT NULL,
  `fecha_hora` datetime(6) DEFAULT NULL,
  `matricula` varchar(255) COLLATE utf8_spanish_ci DEFAULT NULL,
  PRIMARY KEY (`id`),
  KEY `FKgy9hea5qo4wt2ah5bjx2dxh48` (`matricula`),
  CONSTRAINT `FKgy9hea5qo4wt2ah5bjx2dxh48` FOREIGN KEY (`matricula`) REFERENCES `utmir_info_personal` (`matricula`)
) ENGINE=InnoDB AUTO_INCREMENT=491 DEFAULT CHARSET=utf8 COLLATE=utf8_spanish_ci;
/*!40101 SET character_set_client = @saved_cs_client */;

--
-- Dumping data for table `utmir_log`
--

LOCK TABLES `utmir_log` WRITE;
/*!40000 ALTER TABLE `utmir_log` DISABLE KEYS */;
INSERT INTO `utmir_log` VALUES (1,'Se registró en RaptorNet','2024-03-01 09:58:56.000000','164'),(2,'Se registró en RaptorNet','2024-03-01 10:13:21.000000','91'),(3,'Se registró en RaptorNet','2024-03-02 11:32:33.000000','2408'),(4,'Se registró en RaptorNet','2024-03-04 10:44:10.000000','177'),(5,'Se registró en RaptorNet','2024-03-08 09:18:16.000000','2403001'),(6,'Se registró en RaptorNet','2024-03-08 09:23:10.000000','2403002'),(7,'Completó su Perfil en RaptorNet','2024-03-08 09:27:25.000000','2403002'),(8,'Completó su Perfil en RaptorNet','2024-03-08 09:28:40.000000','2403001'),(9,'Verificó el pago de 2403002 y actualizó su etapa a 3','2024-03-08 09:33:09.000000','91'),(10,'Verificó el pago de 2403001 y actualizó su etapa a 3','2024-03-08 09:34:35.000000','91'),(11,'Se registró en RaptorNet','2024-03-08 09:54:13.000000','2403003'),(12,'Completó su Perfil en RaptorNet','2024-03-08 10:01:48.000000','2403003'),(13,'Verificó el pago de 2403003 y actualizó su etapa a 3','2024-03-08 10:08:45.000000','91'),(14,'Se registró en RaptorNet','2024-03-08 10:16:49.000000','2403004'),(15,'Completó su Perfil en RaptorNet','2024-03-08 10:22:45.000000','2403004'),(16,'Verificó el pago de 2403004 y actualizó su etapa a 3','2024-03-08 10:26:57.000000','91'),(17,'Se registró en RaptorNet','2024-03-08 10:27:25.000000','2403005'),(18,'Completó su Perfil en RaptorNet','2024-03-08 10:35:26.000000','2403005'),(19,'Verificó el pago de 2403005 y actualizó su etapa a 3','2024-03-08 10:41:16.000000','91'),(20,'Se registró en RaptorNet','2024-03-08 11:23:50.000000','2403006'),(21,'Completó su Perfil en RaptorNet','2024-03-08 11:33:58.000000','2403006'),(22,'Verificó el pago de 2403006 y actualizó su etapa a 3','2024-03-08 11:41:45.000000','2408'),(25,'Se registró en RaptorNet','2024-03-08 12:18:27.000000','2403007'),(26,'Completó su Perfil en RaptorNet','2024-03-08 12:26:15.000000','2403007'),(27,'Verificó el pago de 2403007 y actualizó su etapa a 3','2024-03-08 12:30:27.000000','91'),(28,'Se registró en RaptorNet','2024-03-08 12:33:15.000000','2403008'),(29,'Completó su Perfil en RaptorNet','2024-03-08 12:47:37.000000','2403008'),(30,'Verificó el pago de 2403008 y actualizó su etapa a 3','2024-03-08 12:49:12.000000','91'),(31,'Se registró en RaptorNet','2024-03-08 13:02:49.000000','35'),(32,'Se registró en RaptorNet','2024-03-08 13:04:24.000000','179'),(33,'Se registró en RaptorNet','2024-03-08 13:15:21.000000','2403009'),(34,'Completó su Perfil en RaptorNet','2024-03-08 13:26:12.000000','2403009'),(35,'Verificó el pago de 2403009 y actualizó su etapa a 3','2024-03-08 13:29:48.000000','91'),(36,'Actualizó la cuota 5 a 308','2024-03-08 13:30:40.000000','35'),(37,'Actualizó la cuota 1 a 1542.00','2024-03-08 13:31:47.000000','179'),(38,'Actualizó la cuota 2 a 1542.00','2024-03-08 13:32:02.000000','179'),(39,'Actualizó la cuota 3 a 1542.00','2024-03-08 13:45:19.000000','179'),(40,'Actualizó la cuota 4 a 128.00','2024-03-08 13:45:29.000000','179'),(41,'Actualizó la cuota 5 a 308.00','2024-03-08 13:46:44.000000','179'),(42,'Actualizó la cuota 6 a 270.00','2024-03-08 13:46:56.000000','179'),(43,'Actualizó la cuota 8 a 77.00','2024-03-08 13:47:45.000000','179'),(44,'Actualizó la cuota 7 a 1285.00','2024-03-08 13:48:06.000000','179'),(45,'Actualizó la cuota 9 a 58.00','2024-03-08 13:48:18.000000','179'),(46,'Actualizó la cuota 10 a 51.00','2024-03-08 13:48:28.000000','179'),(47,'Actualizó la cuota 11 a 257.00','2024-03-08 13:48:46.000000','179'),(48,'Actualizó la cuota 12 a 193.00','2024-03-08 13:49:09.000000','179'),(49,'Actualizó la cuota 13 a 1028.00','2024-03-08 13:49:20.000000','179'),(50,'Actualizó la cuota 14 a 109.00','2024-03-08 13:49:31.000000','179'),(51,'Actualizó la cuota 15 a 449.00','2024-03-08 13:49:41.000000','179'),(52,'Actualizó la cuota 16 a 434.00','2024-03-08 13:49:52.000000','179'),(53,'Actualizó la cuota 17 a 643.00','2024-03-08 13:50:04.000000','179'),(54,'Actualizó la cuota 18 a 22.00','2024-03-08 13:50:17.000000','179'),(55,'Actualizó la cuota 19 a 35.00','2024-03-08 13:50:28.000000','179'),(56,'Actualizó la cuota 20 a 48.00','2024-03-08 13:50:47.000000','179'),(57,'Actualizó la cuota 21 a 99.00','2024-03-08 13:51:01.000000','179'),(58,'Actualizó la cuota 22 a 77.00','2024-03-08 13:51:20.000000','179'),(59,'Actualizó la cuota 23 a 321.00','2024-03-08 13:51:35.000000','179'),(60,'Actualizó la cuota 24 a 1285.00','2024-03-08 13:51:48.000000','179'),(61,'Actualizó la cuota 25 a 643.00','2024-03-08 13:52:05.000000','179'),(62,'Actualizó la cuota 29 a 193.00','2024-03-08 13:53:15.000000','179'),(63,'Actualizó la cuota 30 a 33.00','2024-03-08 13:53:33.000000','179'),(64,'Actualizó la cuota 31 a 51.00','2024-03-08 13:53:49.000000','179'),(65,'Actualizó la cuota 32 a 39.00','2024-03-08 13:54:08.000000','179'),(66,'Se registró en RaptorNet','2024-03-08 13:58:03.000000','2403010'),(67,'Completó su Perfil en RaptorNet','2024-03-08 14:09:22.000000','2403010'),(68,'Verificó el pago de 2403010 y actualizó su etapa a 3','2024-03-08 14:14:46.000000','91'),(69,'Actualizó la cuota 33 a 128.00','2024-03-08 14:25:21.000000','179'),(70,'Actualizó la cuota 34 a 5.00','2024-03-08 14:25:31.000000','179'),(71,'Actualizó la cuota 35 a 1581.00','2024-03-08 14:25:44.000000','179'),(72,'Actualizó la cuota 36 a 1581.00','2024-03-08 14:25:54.000000','179'),(73,'Actualizó la cuota 38 a 1828.00','2024-03-08 14:26:25.000000','179'),(74,'Actualizó la cuota 39 a 1285.00','2024-03-08 14:26:38.000000','179'),(75,'Actualizó la cuota 40 a 2455.00','2024-03-08 14:26:59.000000','179'),(76,'Actualizó la cuota 41 a 2494.00','2024-03-08 14:27:09.000000','179'),(77,'Actualizó la cuota 42 a 543.00','2024-03-08 14:27:28.000000','179'),(78,'Actualizó la cuota 43 a 1812.00','2024-03-08 14:27:37.000000','179'),(79,'Actualizó la cuota 44 a 1851.00','2024-03-08 14:27:52.000000','179'),(80,'Actualizó la cuota 45 a 1619.00','2024-03-08 14:28:02.000000','179'),(81,'Actualizó la cuota 46 a 1799.00','2024-03-08 14:28:15.000000','179'),(82,'Actualizó la cuota 47 a 1838.00','2024-03-08 14:28:25.000000','179'),(83,'Actualizó la cuota 48 a 1571.00','2024-03-08 14:28:37.000000','179'),(84,'Actualizó la cuota 49 a 2069.00','2024-03-08 14:28:47.000000','179'),(85,'Actualizó la cuota 50 a 2277.00','2024-03-08 14:29:00.000000','179'),(86,'Actualizó la cuota 51 a 992.00','2024-03-08 14:29:11.000000','179'),(87,'Actualizó la cuota 52 a 2020.00','2024-03-08 14:29:22.000000','179'),(88,'Se registró en RaptorNet','2024-03-08 15:22:08.000000','2403011'),(89,'Completó su Perfil en RaptorNet','2024-03-08 15:25:54.000000','2403011'),(90,'Verificó el pago de 2403011 y actualizó su etapa a 3','2024-03-08 15:31:01.000000','91'),(91,'Se registró en RaptorNet','2024-03-08 16:54:31.000000','2403012'),(92,'Se registró en RaptorNet','2024-03-08 16:58:16.000000','2403013'),(93,'Completó su Perfil en RaptorNet','2024-03-08 17:03:29.000000','2403012'),(94,'Completó su Perfil en RaptorNet','2024-03-08 17:04:39.000000','2403013'),(95,'Verificó el pago de 2403012 y actualizó su etapa a 3','2024-03-08 17:10:37.000000','91'),(96,'Verificó el pago de 2403013 y actualizó su etapa a 3','2024-03-08 17:11:06.000000','91'),(97,'Se registró en RaptorNet','2024-03-09 10:09:09.000000','2408F'),(98,'Se registró en RaptorNet','2024-03-11 10:03:30.000000','2403014'),(99,'Completó su Perfil en RaptorNet','2024-03-11 10:13:43.000000','2403014'),(100,'Se registró en RaptorNet','2024-03-11 10:15:46.000000','93'),(101,'Se registró en RaptorNet','2024-03-11 10:53:24.000000','2403015'),(102,'Completó su Perfil en RaptorNet','2024-03-11 11:02:30.000000','2403015'),(103,'Verificó el pago de 2403015 y actualizó su etapa a 3','2024-03-11 11:07:20.000000','177'),(104,'Verificó el pago de 2403014 y actualizó su etapa a 3','2024-03-11 11:42:42.000000','91'),(105,'Se registró en RaptorNet','2024-03-11 11:47:14.000000','2403016'),(106,'Completó su Perfil en RaptorNet','2024-03-11 11:52:00.000000','2403016'),(107,'Verificó el pago de 2403016 y actualizó su etapa a 3','2024-03-11 11:56:12.000000','177'),(108,'Se registró en RaptorNet','2024-03-11 11:57:31.000000','2403017'),(109,'Completó su Perfil en RaptorNet','2024-03-11 12:06:26.000000','2403017'),(110,'Verificó el pago de 2403017 y actualizó su etapa a 3','2024-03-11 12:10:36.000000','91'),(111,'Se registró en RaptorNet','2024-03-11 12:10:55.000000','2403018'),(112,'Se registró en RaptorNet','2024-03-11 12:14:49.000000','2403019'),(113,'Completó su Perfil en RaptorNet','2024-03-11 12:23:49.000000','2403019'),(114,'Completó su Perfil en RaptorNet','2024-03-11 12:24:14.000000','2403018'),(115,'Verificó el pago de 2403019 y actualizó su etapa a 3','2024-03-11 12:28:03.000000','91'),(116,'Se registró en RaptorNet','2024-03-11 12:28:51.000000','2403020'),(117,'Verificó el pago de 2403018 y actualizó su etapa a 3','2024-03-11 12:31:19.000000','91'),(118,'Se registró en RaptorNet','2024-03-11 12:35:50.000000','2403021'),(119,'Completó su Perfil en RaptorNet','2024-03-11 12:46:09.000000','2403021'),(120,'Verificó el pago de 2403021 y actualizó su etapa a 3','2024-03-11 12:51:07.000000','91'),(121,'Completó su Perfil en RaptorNet','2024-03-11 12:52:51.000000','2403020'),(122,'Se registró en RaptorNet','2024-03-11 12:56:39.000000','2403022'),(123,'Verificó el pago de 2403020 y actualizó su etapa a 3','2024-03-11 12:57:33.000000','91'),(124,'Completó su Perfil en RaptorNet','2024-03-11 13:05:07.000000','2403022'),(125,'Verificó el pago de 2403022 y actualizó su etapa a 3','2024-03-11 13:09:24.000000','91'),(126,'Se registró en RaptorNet','2024-03-11 13:18:49.000000','2403023'),(127,'Se registró en RaptorNet','2024-03-11 13:19:48.000000','2403024'),(128,'Completó su Perfil en RaptorNet','2024-03-11 13:27:36.000000','2403024'),(129,'Verificó el pago de 2403024 y actualizó su etapa a 3','2024-03-11 13:31:08.000000','91'),(130,'Completó su Perfil en RaptorNet','2024-03-11 13:34:56.000000','2403023'),(131,'Se registró en RaptorNet','2024-03-11 13:59:05.000000','2403025'),(132,'Completó su Perfil en RaptorNet','2024-03-11 14:10:54.000000','2403025'),(133,'Se registró en RaptorNet','2024-03-11 14:14:23.000000','2403026'),(134,'Verificó el pago de 2403025 y actualizó su etapa a 3','2024-03-11 14:23:14.000000','91'),(135,'Verificó el pago de 2403023 y actualizó su etapa a 3','2024-03-11 14:23:31.000000','91'),(136,'Completó su Perfil en RaptorNet','2024-03-11 14:24:22.000000','2403026'),(137,'Verificó el pago de 2403026 y actualizó su etapa a 3','2024-03-11 14:30:22.000000','91'),(138,'Se registró en RaptorNet','2024-03-11 15:03:42.000000','2403027'),(139,'Se registró en RaptorNet','2024-03-11 15:05:45.000000','2403028'),(140,'Completó su Perfil en RaptorNet','2024-03-11 15:13:07.000000','2403028'),(141,'Completó su Perfil en RaptorNet','2024-03-11 15:14:53.000000','2403027'),(142,'Verificó el pago de 2403028 y actualizó su etapa a 3','2024-03-11 15:17:06.000000','91'),(143,'Verificó el pago de 2403027 y actualizó su etapa a 3','2024-03-11 15:18:34.000000','91'),(144,'Se registró en RaptorNet','2024-03-11 15:18:48.000000','2403029'),(145,'Se registró en RaptorNet','2024-03-11 15:31:33.000000','2403030'),(146,'Completó su Perfil en RaptorNet','2024-03-11 15:36:49.000000','2403029'),(147,'Se registró en RaptorNet','2024-03-11 15:42:44.000000','2403031'),(148,'Se registró en RaptorNet','2024-03-11 15:42:45.000000','2403032'),(149,'Completó su Perfil en RaptorNet','2024-03-11 15:44:13.000000','2403030'),(150,'Completó su Perfil en RaptorNet','2024-03-11 15:46:56.000000','2403031'),(151,'Verificó el pago de 2403030 y actualizó su etapa a 3','2024-03-11 15:49:24.000000','91'),(152,'Se registró en RaptorNet','2024-03-11 15:50:43.000000','2403033'),(153,'Verificó el pago de 2403031 y actualizó su etapa a 3','2024-03-11 15:55:49.000000','91'),(154,'Completó su Perfil en RaptorNet','2024-03-11 15:57:11.000000','2403032'),(155,'Se registró en RaptorNet','2024-03-11 15:59:39.000000','2403034'),(156,'Completó su Perfil en RaptorNet','2024-03-11 16:02:27.000000','2403033'),(157,'Verificó el pago de 2403029 y actualizó su etapa a 3','2024-03-11 16:05:17.000000','91'),(158,'Verificó el pago de 2403032 y actualizó su etapa a 3','2024-03-11 16:08:36.000000','91'),(159,'Verificó el pago de 2403033 y actualizó su etapa a 3','2024-03-11 16:08:52.000000','91'),(160,'Se registró en RaptorNet','2024-03-11 16:09:45.000000','2403035'),(161,'Completó su Perfil en RaptorNet','2024-03-11 16:14:57.000000','2403035'),(162,'Completó su Perfil en RaptorNet','2024-03-11 16:16:55.000000','2403034'),(163,'Verificó el pago de 2403034 y actualizó su etapa a 3','2024-03-11 16:21:41.000000','91'),(164,'Verificó el pago de 2403035 y actualizó su etapa a 3','2024-03-11 16:21:55.000000','91'),(165,'Se registró en RaptorNet','2024-03-12 10:41:55.000000','2403036'),(166,'Se registró en RaptorNet','2024-03-12 10:53:10.000000','2403037'),(167,'Se registró en RaptorNet','2024-03-12 10:53:31.000000','2403038'),(168,'Completó su Perfil en RaptorNet','2024-03-12 11:00:57.000000','2403036'),(169,'Completó su Perfil en RaptorNet','2024-03-12 11:06:16.000000','2403037'),(170,'Completó su Perfil en RaptorNet','2024-03-12 11:06:34.000000','2403038'),(171,'Verificó el pago de 2403036 y actualizó su etapa a 3','2024-03-12 11:09:49.000000','177'),(172,'Verificó el pago de 2403038 y actualizó su etapa a 3','2024-03-12 11:19:58.000000','177'),(173,'Verificó el pago de 2403037 y actualizó su etapa a 3','2024-03-12 11:20:21.000000','177'),(174,'Se registró en RaptorNet','2024-03-12 11:44:38.000000','2403039'),(175,'Se registró en RaptorNet','2024-03-12 11:46:55.000000','2403040'),(176,'Se registró en RaptorNet','2024-03-12 11:46:59.000000','2403041'),(177,'Completó su Perfil en RaptorNet','2024-03-12 11:49:37.000000','2403039'),(178,'Se registró en RaptorNet','2024-03-12 11:52:47.000000','2403042'),(179,'Completó su Perfil en RaptorNet','2024-03-12 11:54:48.000000','2403040'),(180,'Verificó el pago de 2403039 y actualizó su etapa a 3','2024-03-12 11:54:52.000000','177'),(181,'Verificó el pago de 2403040 y actualizó su etapa a 3','2024-03-12 11:58:15.000000','177'),(182,'Completó su Perfil en RaptorNet','2024-03-12 12:00:44.000000','2403041'),(183,'Verificó el pago de 2403041 y actualizó su etapa a 3','2024-03-12 12:05:01.000000','91'),(184,'Completó su Perfil en RaptorNet','2024-03-12 12:05:11.000000','2403042'),(185,'Verificó el pago de 2403042 y actualizó su etapa a 3','2024-03-12 12:09:40.000000','91'),(186,'Se registró en RaptorNet','2024-03-12 14:38:00.000000','2403043'),(187,'Completó su Perfil en RaptorNet','2024-03-12 14:48:19.000000','2403043'),(188,'Verificó el pago de 2403043 y actualizó su etapa a 3','2024-03-12 14:53:06.000000','91'),(189,'Se registró en RaptorNet','2024-03-12 15:13:34.000000','2403044'),(190,'Completó su Perfil en RaptorNet','2024-03-12 15:26:02.000000','2403044'),(191,'Se registró en RaptorNet','2024-03-12 15:27:56.000000','2403045'),(192,'Verificó el pago de 2403044 y actualizó su etapa a 3','2024-03-12 15:29:17.000000','91'),(193,'Completó su Perfil en RaptorNet','2024-03-12 15:34:34.000000','2403045'),(194,'Verificó el pago de 2403045 y actualizó su etapa a 3','2024-03-12 15:39:19.000000','91'),(195,'Se registró en RaptorNet','2024-03-13 09:49:31.000000','2403046'),(196,'Completó su Perfil en RaptorNet','2024-03-13 10:01:57.000000','2403046'),(197,'Verificó el pago de 2403046 y actualizó su etapa a 3','2024-03-13 10:10:11.000000','91'),(198,'Se registró en RaptorNet','2024-03-13 10:26:31.000000','2403047'),(199,'Completó su Perfil en RaptorNet','2024-03-13 10:43:46.000000','2403047'),(200,'Verificó el pago de 2403047 y actualizó su etapa a 3','2024-03-13 10:49:20.000000','91'),(201,'Se registró en RaptorNet','2024-03-13 11:18:54.000000','2403048'),(202,'Se registró en RaptorNet','2024-03-13 11:19:20.000000','2403049'),(203,'Completó su Perfil en RaptorNet','2024-03-13 11:24:36.000000','2403049'),(204,'Completó su Perfil en RaptorNet','2024-03-13 11:28:59.000000','2403048'),(205,'Verificó el pago de 2403048 y actualizó su etapa a 3','2024-03-13 11:59:33.000000','91'),(206,'Verificó el pago de 2403049 y actualizó su etapa a 3','2024-03-13 11:59:45.000000','91'),(207,'Se registró en RaptorNet','2024-03-13 13:43:37.000000','2403050'),(208,'Completó su Perfil en RaptorNet','2024-03-13 13:50:19.000000','2403050'),(209,'Verificó el pago de 2403050 y actualizó su etapa a 3','2024-03-13 14:18:00.000000','91'),(210,'Se registró en RaptorNet','2024-03-13 14:41:04.000000','2403051'),(211,'Completó su Perfil en RaptorNet','2024-03-13 14:45:08.000000','2403051'),(212,'Verificó el pago de 2403051 y actualizó su etapa a 3','2024-03-13 14:52:16.000000','91'),(213,'Se registró en RaptorNet','2024-03-13 14:55:39.000000','2403052'),(214,'Completó su Perfil en RaptorNet','2024-03-13 15:05:27.000000','2403052'),(215,'Verificó el pago de 2403052 y actualizó su etapa a 3','2024-03-13 15:08:30.000000','91'),(216,'Se registró en RaptorNet','2024-03-13 15:55:34.000000','2403053'),(217,'Completó su Perfil en RaptorNet','2024-03-13 16:00:17.000000','2403053'),(218,'Verificó el pago de 2403053 y actualizó su etapa a 3','2024-03-13 16:03:14.000000','91'),(219,'Se registró en RaptorNet','2024-03-14 10:26:11.000000','2403054'),(220,'Completó su Perfil en RaptorNet','2024-03-14 10:31:26.000000','2403054'),(221,'Verificó el pago de 2403054 y actualizó su etapa a 3','2024-03-14 10:37:13.000000','177'),(222,'Se registró en RaptorNet','2024-03-14 10:39:37.000000','65'),(223,'Se registró en RaptorNet','2024-03-14 11:29:40.000000','2403055'),(224,'Completó su Perfil en RaptorNet','2024-03-14 11:37:34.000000','2403055'),(225,'Verificó el pago de 2403055 y actualizó su etapa a 3','2024-03-14 11:45:34.000000','177'),(226,'Se registró en RaptorNet','2024-03-15 09:11:51.000000','2403056'),(227,'Completó su Perfil en RaptorNet','2024-03-15 09:22:47.000000','2403056'),(228,'Verificó el pago de 2403056 y actualizó su etapa a 3','2024-03-15 09:29:09.000000','91'),(229,'Se registró en RaptorNet','2024-03-15 09:52:58.000000','2403057'),(230,'Completó su Perfil en RaptorNet','2024-03-15 10:00:06.000000','2403057'),(231,'Verificó el pago de 2403057 y actualizó su etapa a 3','2024-03-15 10:05:01.000000','177'),(232,'Se registró en RaptorNet','2024-03-15 11:31:35.000000','2403058'),(233,'Completó su Perfil en RaptorNet','2024-03-15 11:36:08.000000','2403058'),(234,'Se registró en RaptorNet','2024-03-15 13:13:52.000000','2403059'),(235,'Completó su Perfil en RaptorNet','2024-03-15 13:29:28.000000','2403059'),(236,'Se registró en RaptorNet','2024-03-15 13:58:36.000000','2403060'),(237,'Completó su Perfil en RaptorNet','2024-03-15 14:09:15.000000','2403060'),(238,'Verificó el pago de 2403059 y actualizó su etapa a 3','2024-03-15 14:09:41.000000','91'),(239,'Verificó el pago de 2403058 y actualizó su etapa a 3','2024-03-15 14:09:56.000000','91'),(240,'Verificó el pago de 2403060 y actualizó su etapa a 3','2024-03-15 14:48:13.000000','91'),(241,'Se registró en RaptorNet','2024-03-15 15:00:40.000000','2403061'),(242,'Completó su Perfil en RaptorNet','2024-03-15 15:10:15.000000','2403061'),(243,'Verificó el pago de 2403061 y actualizó su etapa a 3','2024-03-15 15:15:40.000000','91'),(244,'Se registró en RaptorNet','2024-03-19 09:12:41.000000','2403062'),(245,'Se registró en RaptorNet','2024-03-19 09:21:07.000000','2403063'),(246,'Completó su Perfil en RaptorNet','2024-03-19 09:22:27.000000','2403062'),(247,'Verificó el pago de 2403062 y actualizó su etapa a 3','2024-03-19 09:27:48.000000','91'),(248,'Completó su Perfil en RaptorNet','2024-03-19 09:31:20.000000','2403063'),(249,'Verificó el pago de 2403063 y actualizó su etapa a 3','2024-03-19 09:36:11.000000','91'),(250,'Se registró en RaptorNet','2024-03-19 12:54:06.000000','2403064'),(251,'Completó su Perfil en RaptorNet','2024-03-19 12:59:05.000000','2403064'),(252,'Verificó el pago de 2403064 y actualizó su etapa a 3','2024-03-19 13:04:05.000000','91'),(253,'Actualizó la información de 2403064','2024-03-19 13:04:25.000000','91'),(254,'Se registró en RaptorNet','2024-03-19 13:28:19.000000','2403065'),(255,'Completó su Perfil en RaptorNet','2024-03-19 13:43:14.000000','2403065'),(256,'Verificó el pago de 2403065 y actualizó su etapa a 3','2024-03-19 13:46:31.000000','91'),(257,'Se registró en RaptorNet','2024-03-19 14:22:26.000000','2403066'),(258,'Se registró en RaptorNet','2024-03-19 14:32:43.000000','2403067'),(259,'Completó su Perfil en RaptorNet','2024-03-19 14:32:47.000000','2403066'),(260,'Verificó el pago de 2403066 y actualizó su etapa a 3','2024-03-19 14:37:10.000000','91'),(261,'Completó su Perfil en RaptorNet','2024-03-19 14:43:50.000000','2403067'),(262,'Verificó el pago de 2403067 y actualizó su etapa a 3','2024-03-19 14:48:06.000000','91'),(263,'Se registró en RaptorNet','2024-03-19 15:58:48.000000','2403068'),(264,'Se registró en RaptorNet','2024-03-19 16:03:47.000000','2403069'),(265,'Completó su Perfil en RaptorNet','2024-03-19 16:07:18.000000','2403068'),(266,'Verificó el pago de 2403068 y actualizó su etapa a 3','2024-03-19 16:10:36.000000','91'),(267,'Se registró en RaptorNet','2024-03-19 16:15:39.000000','2403070'),(268,'Completó su Perfil en RaptorNet','2024-03-19 16:24:54.000000','2403069'),(269,'Verificó el pago de 2403069 y actualizó su etapa a 3','2024-03-19 16:25:25.000000','91'),(270,'Completó su Perfil en RaptorNet','2024-03-19 16:27:42.000000','2403070'),(271,'Verificó el pago de 2403070 y actualizó su etapa a 3','2024-03-19 16:31:10.000000','91'),(272,'Se registró en RaptorNet','2024-03-19 16:43:39.000000','2403071'),(273,'Completó su Perfil en RaptorNet','2024-03-19 16:53:03.000000','2403071'),(274,'Verificó el pago de 2403071 y actualizó su etapa a 3','2024-03-19 16:56:00.000000','91'),(275,'Se registró en RaptorNet','2024-03-20 10:38:25.000000','2403072'),(276,'Se registró en RaptorNet','2024-03-20 10:43:19.000000','2403073'),(277,'Completó su Perfil en RaptorNet','2024-03-20 10:45:28.000000','2403072'),(278,'Verificó el pago de 2403072 y actualizó su etapa a 3','2024-03-20 10:51:17.000000','91'),(279,'Completó su Perfil en RaptorNet','2024-03-20 10:56:33.000000','2403073'),(280,'Verificó el pago de 2403073 y actualizó su etapa a 3','2024-03-20 11:01:13.000000','91'),(281,'Se registró en RaptorNet','2024-03-20 13:08:05.000000','2403074'),(282,'Completó su Perfil en RaptorNet','2024-03-20 13:15:39.000000','2403074'),(283,'Verificó el pago de 2403074 y actualizó su etapa a 3','2024-03-20 13:21:26.000000','91'),(284,'Se registró en RaptorNet','2024-03-20 14:04:39.000000','2403075'),(285,'Completó su Perfil en RaptorNet','2024-03-20 14:10:25.000000','2403075'),(286,'Se registró en RaptorNet','2024-03-20 14:18:21.000000','2403076'),(287,'Completó su Perfil en RaptorNet','2024-03-20 14:25:51.000000','2403076'),(288,'Verificó el pago de 2403075 y actualizó su etapa a 3','2024-03-20 15:12:35.000000','91'),(289,'Verificó el pago de 2403076 y actualizó su etapa a 3','2024-03-20 15:12:46.000000','91'),(290,'Se registró en RaptorNet','2024-03-20 15:36:18.000000','2403077'),(291,'Completó su Perfil en RaptorNet','2024-03-20 15:42:44.000000','2403077'),(292,'Verificó el pago de 2403077 y actualizó su etapa a 3','2024-03-20 15:48:28.000000','91'),(293,'Se registró en RaptorNet','2024-03-21 10:47:01.000000','2403078'),(294,'Completó su Perfil en RaptorNet','2024-03-21 10:53:06.000000','2403078'),(295,'Verificó el pago de 2403078 y actualizó su etapa a 3','2024-03-21 10:57:41.000000','91'),(296,'Se registró en RaptorNet','2024-03-21 13:33:08.000000','2403079'),(297,'Completó su Perfil en RaptorNet','2024-03-21 13:38:11.000000','2403079'),(298,'Se registró en RaptorNet','2024-03-21 13:43:56.000000','2403080'),(299,'Completó su Perfil en RaptorNet','2024-03-21 13:52:37.000000','2403080'),(300,'Verificó el pago de 2403079 y actualizó su etapa a 3','2024-03-21 13:55:47.000000','91'),(301,'Verificó el pago de 2403080 y actualizó su etapa a 3','2024-03-21 13:57:57.000000','91'),(302,'Se registró en RaptorNet','2024-03-21 15:25:25.000000','2403081'),(303,'Completó su Perfil en RaptorNet','2024-03-21 15:34:25.000000','2403081'),(304,'Se registró en RaptorNet','2024-03-21 15:36:28.000000','2403082'),(305,'Completó su Perfil en RaptorNet','2024-03-21 15:41:57.000000','2403082'),(306,'Verificó el pago de 2403082 y actualizó su etapa a 3','2024-03-21 15:45:06.000000','91'),(307,'Verificó el pago de 2403081 y actualizó su etapa a 3','2024-03-21 16:18:01.000000','91'),(308,'Se registró en RaptorNet','2024-03-22 14:11:51.000000','2403083'),(309,'Completó su Perfil en RaptorNet','2024-03-22 14:27:39.000000','2403083'),(310,'Verificó el pago de 2403083 y actualizó su etapa a 3','2024-03-22 14:30:58.000000','91'),(311,'Se registró en RaptorNet','2024-03-22 15:36:17.000000','2403084'),(312,'Completó su Perfil en RaptorNet','2024-03-22 15:43:57.000000','2403084'),(313,'Verificó el pago de 2403084 y actualizó su etapa a 3','2024-03-22 16:25:17.000000','91'),(314,'Se registró en RaptorNet','2024-03-25 10:49:15.000000','2403085'),(315,'Se registró en RaptorNet','2024-03-25 10:53:05.000000','2403086'),(316,'Completó su Perfil en RaptorNet','2024-03-25 10:59:33.000000','2403085'),(317,'Completó su Perfil en RaptorNet','2024-03-25 11:01:39.000000','2403086'),(318,'Verificó el pago de 2403085 y actualizó su etapa a 3','2024-03-25 11:04:35.000000','91'),(319,'Se registró en RaptorNet','2024-03-25 11:08:08.000000','2403087'),(320,'Actualizó la información de 2403086','2024-03-25 11:08:36.000000','91'),(321,'Actualizó la información de 2403086','2024-03-25 11:08:45.000000','91'),(322,'Verificó el pago de 2403086 y actualizó su etapa a 3','2024-03-25 11:09:02.000000','91'),(323,'Se registró en RaptorNet','2024-03-25 11:22:00.000000','2403088'),(324,'Completó su Perfil en RaptorNet','2024-03-25 11:23:43.000000','2403087'),(325,'Completó su Perfil en RaptorNet','2024-03-25 11:23:48.000000','2403087'),(326,'Completó su Perfil en RaptorNet','2024-03-25 11:23:52.000000','2403087'),(327,'Completó su Perfil en RaptorNet','2024-03-25 11:24:00.000000','2403087'),(328,'Completó su Perfil en RaptorNet','2024-03-25 11:24:10.000000','2403087'),(329,'Verificó el pago de 2403087 y actualizó su etapa a 3','2024-03-25 11:29:11.000000','91'),(330,'Completó su Perfil en RaptorNet','2024-03-25 11:30:33.000000','2403088'),(331,'Verificó el pago de 2403088 y actualizó su etapa a 3','2024-03-25 11:35:47.000000','91'),(332,'Se registró en RaptorNet','2024-03-25 11:43:31.000000','2403089'),(333,'Completó su Perfil en RaptorNet','2024-03-25 11:51:58.000000','2403089'),(334,'Actualizó la información de 2403089','2024-03-25 11:57:51.000000','91'),(335,'Actualizó la información de 2403089','2024-03-25 11:58:14.000000','91'),(336,'Actualizó la información de 2403089','2024-03-25 11:58:29.000000','91'),(337,'Verificó el pago de 2403089 y actualizó su etapa a 3','2024-03-26 10:57:01.000000','91'),(338,'Se registró en RaptorNet','2024-03-26 13:44:44.000000','2403090'),(339,'Restableció la contraseña de2403090','2024-03-26 13:56:14.000000','2408'),(340,'Completó su Perfil en RaptorNet','2024-03-26 14:11:14.000000','2403090'),(341,'Completó su Perfil en RaptorNet','2024-03-26 14:11:18.000000','2403090'),(342,'Completó su Perfil en RaptorNet','2024-03-26 14:11:21.000000','2403090'),(343,'Completó su Perfil en RaptorNet','2024-03-26 14:11:26.000000','2403090'),(344,'Completó su Perfil en RaptorNet','2024-03-26 14:12:10.000000','2403090'),(345,'Se registró en RaptorNet','2024-03-27 09:10:03.000000','2403091'),(346,'Completó su Perfil en RaptorNet','2024-03-27 09:16:12.000000','2403091'),(347,'Verificó el pago de 2403091 y actualizó su etapa a 3','2024-03-27 09:20:02.000000','91'),(348,'Se registró en RaptorNet','2024-03-27 11:18:15.000000','2403092'),(349,'Completó su Perfil en RaptorNet','2024-03-27 11:21:14.000000','2403092'),(350,'Verificó el pago de 2403092 y actualizó su etapa a 3','2024-03-27 11:25:00.000000','91'),(351,'Se registró en RaptorNet','2024-03-27 12:15:56.000000','2403093'),(352,'Completó su Perfil en RaptorNet','2024-03-27 12:24:46.000000','2403093'),(353,'Verificó el pago de 2403093 y actualizó su etapa a 3','2024-03-27 12:28:29.000000','91'),(354,'Actualizó la información de 2403093','2024-03-27 12:29:58.000000','91'),(355,'Se registró en RaptorNet','2024-03-27 15:28:43.000000','2403094'),(356,'Completó su Perfil en RaptorNet','2024-03-27 15:38:25.000000','2403094'),(357,'Verificó el pago de 2403094 y actualizó su etapa a 3','2024-03-27 15:42:10.000000','91'),(358,'Verificó el pago de 2403090 y actualizó su etapa a 3','2024-03-27 15:42:30.000000','91'),(359,'Se registró en RaptorNet','2024-04-01 10:13:38.000000','2403095'),(360,'Completó su Perfil en RaptorNet','2024-04-01 10:20:28.000000','2403095'),(361,'Verificó el pago de 2403095 y actualizó su etapa a 3','2024-04-01 10:26:45.000000','177'),(389,'Actualizó la información de 2403083','2024-04-01 10:56:46.000000','177'),(390,'Se registró en RaptorNet','2024-04-01 13:59:42.000000','2403096'),(391,'Completó su Perfil en RaptorNet','2024-04-01 14:09:23.000000','2403096'),(392,'Verificó el pago de 2403096 y actualizó su etapa a 3','2024-04-01 14:14:03.000000','177'),(393,'Se registró en RaptorNet','2024-04-02 10:16:21.000000','2403097'),(394,'Completó su Perfil en RaptorNet','2024-04-02 10:23:26.000000','2403097'),(395,'Verificó el pago de 2403097 y actualizó su etapa a 3','2024-04-02 10:32:37.000000','177'),(396,'Se registró en RaptorNet','2024-04-02 11:52:14.000000','2403098'),(397,'Completó su Perfil en RaptorNet','2024-04-02 12:09:43.000000','2403098'),(398,'Verificó el pago de 2403098 y actualizó su etapa a 3','2024-04-02 12:13:24.000000','177'),(399,'Se registró en RaptorNet','2024-04-02 13:37:55.000000','2403099'),(400,'Completó su Perfil en RaptorNet','2024-04-02 13:46:46.000000','2403099'),(401,'Se registró en RaptorNet','2024-04-03 09:13:50.000000','2403100'),(402,'Completó su Perfil en RaptorNet','2024-04-03 09:20:08.000000','2403100'),(403,'Completó su Perfil en RaptorNet','2024-04-03 09:20:34.000000','2403100'),(404,'Completó su Perfil en RaptorNet','2024-04-03 09:20:36.000000','2403100'),(405,'Completó su Perfil en RaptorNet','2024-04-03 09:20:38.000000','2403100'),(406,'Completó su Perfil en RaptorNet','2024-04-03 09:20:40.000000','2403100'),(407,'Completó su Perfil en RaptorNet','2024-04-03 09:20:49.000000','2403100'),(408,'Se registró en RaptorNet','2024-04-03 09:21:28.000000','2403101'),(409,'Se registró en RaptorNet','2024-04-03 09:23:27.000000','2403102'),(410,'Completó su Perfil en RaptorNet','2024-04-03 09:31:17.000000','2403102'),(411,'Completó su Perfil en RaptorNet','2024-04-03 09:31:50.000000','2403101'),(412,'Verificó el pago de 2403100 y actualizó su etapa a 3','2024-04-03 09:38:26.000000','177'),(413,'Verificó el pago de 2403101 y actualizó su etapa a 3','2024-04-03 09:40:30.000000','177'),(414,'Verificó el pago de 2403102 y actualizó su etapa a 3','2024-04-03 09:42:10.000000','177'),(415,'Se registró en RaptorNet','2024-04-03 14:58:49.000000','2403103'),(416,'Completó su Perfil en RaptorNet','2024-04-03 15:05:50.000000','2403103'),(417,'Verificó el pago de 2403103 y actualizó su etapa a 3','2024-04-03 15:10:09.000000','177'),(418,'Se registró en RaptorNet','2024-04-04 15:18:09.000000','2403104'),(419,'Completó su Perfil en RaptorNet','2024-04-04 15:24:27.000000','2403104'),(420,'Verificó el pago de 2403104 y actualizó su etapa a 3','2024-04-04 15:28:45.000000','177'),(421,'Se registró en RaptorNet','2024-04-04 16:04:45.000000','2403105'),(422,'Completó su Perfil en RaptorNet','2024-04-04 16:11:33.000000','2403105'),(423,'Verificó el pago de 2403105 y actualizó su etapa a 3','2024-04-04 16:15:28.000000','177'),(424,'Se registró en RaptorNet','2024-04-05 14:06:51.000000','2403106'),(425,'Completó su Perfil en RaptorNet','2024-04-05 14:22:55.000000','2403106'),(426,'Completó su Perfil en RaptorNet','2024-04-05 14:23:25.000000','2403106'),(427,'Verificó el pago de 2403106 y actualizó su etapa a 3','2024-04-05 14:26:51.000000','177'),(428,'Se registró en RaptorNet','2024-04-05 14:58:44.000000','2403107'),(429,'Completó su Perfil en RaptorNet','2024-04-05 15:06:17.000000','2403107'),(430,'Verificó el pago de 2403107 y actualizó su etapa a 3','2024-04-05 15:10:23.000000','177'),(431,'Se registró en RaptorNet','2024-04-08 09:29:22.000000','2403108'),(432,'Completó su Perfil en RaptorNet','2024-04-08 09:45:56.000000','2403108'),(433,'Se registró en RaptorNet','2024-04-08 09:54:43.000000','2403109'),(434,'Verificó el pago de 2403108 y actualizó su etapa a 3','2024-04-08 09:54:43.000000','177'),(435,'Completó su Perfil en RaptorNet','2024-04-08 10:01:57.000000','2403109'),(436,'Verificó el pago de 2403109 y actualizó su etapa a 3','2024-04-08 10:07:30.000000','177'),(437,'Verificó el pago de 2403099 y actualizó su etapa a 3','2024-04-08 13:38:38.000000','91'),(438,'Se registró en RaptorNet','2024-04-08 14:35:32.000000','2403110'),(439,'Completó su Perfil en RaptorNet','2024-04-08 14:42:24.000000','2403110'),(440,'Verificó el pago de 2403110 y actualizó su etapa a 3','2024-04-08 14:48:00.000000','91'),(441,'Se registró en RaptorNet','2024-04-08 15:30:51.000000','2403111'),(442,'Completó su Perfil en RaptorNet','2024-04-08 15:42:41.000000','2403111'),(443,'Verificó el pago de 2403111 y actualizó su etapa a 3','2024-04-08 15:46:04.000000','91'),(444,'Se registró en RaptorNet','2024-04-09 10:56:22.000000','2403112'),(445,'Completó su Perfil en RaptorNet','2024-04-09 11:07:39.000000','2403112'),(446,'Verificó el pago de 2403112 y actualizó su etapa a 3','2024-04-09 11:12:23.000000','91'),(447,'Se registró en RaptorNet','2024-04-09 11:13:36.000000','2403113'),(448,'Completó su Perfil en RaptorNet','2024-04-09 11:17:33.000000','2403113'),(449,'Verificó el pago de 2403113 y actualizó su etapa a 3','2024-04-09 11:20:57.000000','91'),(450,'Se registró en RaptorNet','2024-04-09 12:12:31.000000','2403114'),(451,'Completó su Perfil en RaptorNet','2024-04-09 12:20:25.000000','2403114'),(452,'Verificó el pago de 2403114 y actualizó su etapa a 3','2024-04-09 12:26:38.000000','91'),(453,'Se registró en RaptorNet','2024-04-10 13:39:32.000000','2403115'),(454,'Completó su Perfil en RaptorNet','2024-04-10 13:48:17.000000','2403115'),(455,'Verificó el pago de 2403115 y actualizó su etapa a 3','2024-04-10 13:55:35.000000','91'),(456,'Se registró en RaptorNet','2024-04-11 08:53:41.000000','2403116'),(457,'Se registró en RaptorNet','2024-04-11 08:53:55.000000','2403117'),(458,'Completó su Perfil en RaptorNet','2024-04-11 09:10:04.000000','2403117'),(459,'Completó su Perfil en RaptorNet','2024-04-11 09:16:33.000000','2403116'),(460,'Verificó el pago de 2403117 y actualizó su etapa a 3','2024-04-11 09:26:50.000000','91'),(461,'Verificó el pago de 2403116 y actualizó su etapa a 3','2024-04-11 09:27:20.000000','91'),(462,'Se registró en RaptorNet','2024-04-11 11:59:51.000000','2403118'),(463,'Completó su Perfil en RaptorNet','2024-04-11 12:22:01.000000','2403118'),(464,'Verificó el pago de 2403118 y actualizó su etapa a 3','2024-04-11 12:35:26.000000','177'),(465,'Se registró en RaptorNet','2024-04-12 10:16:01.000000','2403119'),(466,'Completó su Perfil en RaptorNet','2024-04-12 10:21:41.000000','2403119'),(467,'Verificó el pago de 2403119 y actualizó su etapa a 3','2024-04-12 10:24:43.000000','91'),(468,'Se registró en RaptorNet','2024-04-15 14:04:54.000000','2403120'),(469,'Completó su Perfil en RaptorNet','2024-04-15 14:10:36.000000','2403120'),(470,'Verificó el pago de 2403120 y actualizó su etapa a 3','2024-04-15 14:14:10.000000','91'),(471,'Se registró en RaptorNet','2024-04-16 12:32:01.000000','2403121'),(472,'Completó su Perfil en RaptorNet','2024-04-16 12:38:16.000000','2403121'),(473,'Verificó el pago de 2403121 y actualizó su etapa a 3','2024-04-16 12:42:42.000000','177'),(474,'Se registró en RaptorNet','2024-04-16 13:20:18.000000','2403122'),(475,'Completó su Perfil en RaptorNet','2024-04-16 13:27:45.000000','2403122'),(476,'Verificó el pago de 2403122 y actualizó su etapa a 3','2024-04-16 13:31:02.000000','177'),(477,'Se registró en RaptorNet','2024-04-16 14:27:19.000000','2403123'),(478,'Completó su Perfil en RaptorNet','2024-04-16 14:33:11.000000','2403123'),(479,'Actualizó la información de 2403123','2024-04-16 14:38:42.000000','91'),(480,'Actualizó la información de 2403123','2024-04-16 14:42:46.000000','91'),(481,'Verificó el pago de 2403123 y actualizó su etapa a 3','2024-04-16 14:43:03.000000','91'),(482,'Se registró en RaptorNet','2024-04-17 12:07:08.000000','2403124'),(483,'Se registró en RaptorNet','2024-04-17 12:10:50.000000','2403125'),(484,'Completó su Perfil en RaptorNet','2024-04-17 12:14:36.000000','2403124'),(485,'Completó su Perfil en RaptorNet','2024-04-17 12:17:52.000000','2403125'),(486,'Se registró en RaptorNet','2024-04-17 13:37:48.000000','2403126'),(487,'Completó su Perfil en RaptorNet','2024-04-17 14:03:27.000000','2403126'),(488,'Verificó el pago de 2403126 y actualizó su etapa a 3','2024-04-17 14:08:13.000000','91'),(489,'Verificó el pago de 2403125 y actualizó su etapa a 3','2024-04-17 14:09:49.000000','91'),(490,'Verificó el pago de 2403124 y actualizó su etapa a 3','2024-04-17 14:10:01.000000','91');
/*!40000 ALTER TABLE `utmir_log` ENABLE KEYS */;
UNLOCK TABLES;

--
-- Table structure for table `utmir_nacionalidad`
--

DROP TABLE IF EXISTS `utmir_nacionalidad`;
/*!40101 SET @saved_cs_client     = @@character_set_client */;
/*!40101 SET character_set_client = utf8 */;
CREATE TABLE `utmir_nacionalidad` (
  `id_nacionalidad` bigint(20) NOT NULL AUTO_INCREMENT,
  `nacionalidad` varchar(255) COLLATE utf8_spanish_ci DEFAULT NULL,
  PRIMARY KEY (`id_nacionalidad`)
) ENGINE=InnoDB AUTO_INCREMENT=3 DEFAULT CHARSET=utf8 COLLATE=utf8_spanish_ci;
/*!40101 SET character_set_client = @saved_cs_client */;

--
-- Dumping data for table `utmir_nacionalidad`
--

LOCK TABLES `utmir_nacionalidad` WRITE;
/*!40000 ALTER TABLE `utmir_nacionalidad` DISABLE KEYS */;
INSERT INTO `utmir_nacionalidad` VALUES (1,'Mexicana'),(2,'Extranjera');
/*!40000 ALTER TABLE `utmir_nacionalidad` ENABLE KEYS */;
UNLOCK TABLES;

--
-- Table structure for table `utmir_objetivos_asignatura`
--

DROP TABLE IF EXISTS `utmir_objetivos_asignatura`;
/*!40101 SET @saved_cs_client     = @@character_set_client */;
/*!40101 SET character_set_client = utf8 */;
CREATE TABLE `utmir_objetivos_asignatura` (
  `id_objetivo_asignatura` bigint(20) NOT NULL AUTO_INCREMENT,
  `fecha_entrega_planeacion` date DEFAULT NULL,
  `objetivo` varchar(255) COLLATE utf8_spanish_ci DEFAULT NULL,
  `id_asignacion_asignatura` bigint(20) DEFAULT NULL,
  PRIMARY KEY (`id_objetivo_asignatura`),
  KEY `FKtnwhdu81iqjja9duj57a22w2y` (`id_asignacion_asignatura`),
  CONSTRAINT `FKtnwhdu81iqjja9duj57a22w2y` FOREIGN KEY (`id_asignacion_asignatura`) REFERENCES `utmir_asignacion_asignatura` (`id_asignacion_asignatura`)
) ENGINE=InnoDB DEFAULT CHARSET=utf8 COLLATE=utf8_spanish_ci;
/*!40101 SET character_set_client = @saved_cs_client */;

--
-- Dumping data for table `utmir_objetivos_asignatura`
--

LOCK TABLES `utmir_objetivos_asignatura` WRITE;
/*!40000 ALTER TABLE `utmir_objetivos_asignatura` DISABLE KEYS */;
/*!40000 ALTER TABLE `utmir_objetivos_asignatura` ENABLE KEYS */;
UNLOCK TABLES;

--
-- Table structure for table `utmir_pagos`
--

DROP TABLE IF EXISTS `utmir_pagos`;
/*!40101 SET @saved_cs_client     = @@character_set_client */;
/*!40101 SET character_set_client = utf8 */;
CREATE TABLE `utmir_pagos` (
  `id_pago` bigint(20) NOT NULL AUTO_INCREMENT,
  `matricula` varchar(255) COLLATE utf8_spanish_ci DEFAULT NULL,
  `id_cuota` bigint(20) DEFAULT NULL,
  `concatenado` varchar(255) COLLATE utf8_spanish_ci DEFAULT NULL,
  `referencia` varchar(255) COLLATE utf8_spanish_ci DEFAULT NULL,
  `verificar_pago` varchar(255) COLLATE utf8_spanish_ci DEFAULT NULL,
  `fecha_generacion` date DEFAULT NULL,
  `fecha_limite` date DEFAULT NULL,
  `referencia_asignada` bit(1) DEFAULT NULL,
  `folio` int(11) DEFAULT NULL,
  PRIMARY KEY (`id_pago`),
  KEY `FK6bwo2ixb7eyfb99v2yhrj2g3m` (`matricula`),
  KEY `FKj4bssi00tth348nn0ausf20gx` (`id_cuota`),
  CONSTRAINT `FK6bwo2ixb7eyfb99v2yhrj2g3m` FOREIGN KEY (`matricula`) REFERENCES `utmir_info_personal` (`matricula`),
  CONSTRAINT `FKj4bssi00tth348nn0ausf20gx` FOREIGN KEY (`id_cuota`) REFERENCES `utmir_cuotas` (`id_cuota`)
) ENGINE=InnoDB AUTO_INCREMENT=127 DEFAULT CHARSET=utf8 COLLATE=utf8_spanish_ci;
/*!40101 SET character_set_client = @saved_cs_client */;

--
-- Dumping data for table `utmir_pagos`
--

LOCK TABLES `utmir_pagos` WRITE;
/*!40000 ALTER TABLE `utmir_pagos` DISABLE KEYS */;
INSERT INTO `utmir_pagos` VALUES (1,'2403001',5,'300104053',NULL,'SI','2024-03-08',NULL,NULL,8575),(2,'2403002',5,'300212053',NULL,'SI','2024-03-08',NULL,NULL,8574),(3,'2403003',5,'300304053',NULL,'SI','2024-03-08',NULL,NULL,8576),(4,'2403004',5,'300404053',NULL,'SI','2024-03-08',NULL,NULL,8577),(5,'2403005',5,'300512053',NULL,'SI','2024-03-08',NULL,NULL,8578),(6,'2403006',5,'300604053',NULL,'SI','2024-03-08',NULL,NULL,8579),(7,'2403007',5,'300701053',NULL,'SI','2024-03-08',NULL,NULL,8580),(8,'2403008',5,'300801053',NULL,'SI','2024-03-08',NULL,NULL,8581),(9,'2403009',5,'300903053',NULL,'SI','2024-03-08',NULL,NULL,8582),(10,'2403010',5,'301012053',NULL,'SI','2024-03-08',NULL,NULL,8583),(11,'2403011',5,'301104053',NULL,'SI','2024-03-08',NULL,NULL,8585),(12,'2403012',5,'301204053',NULL,'SI','2024-03-08',NULL,NULL,8586),(13,'2403013',5,'301304053',NULL,'SI','2024-03-08',NULL,NULL,8587),(14,'2403014',5,'301403053',NULL,'SI','2024-03-11',NULL,NULL,8588),(15,'2403015',5,'301505053',NULL,'SI','2024-03-11',NULL,NULL,8590),(16,'2403016',5,'301612053',NULL,'SI','2024-03-11',NULL,NULL,8591),(17,'2403017',5,'301712053',NULL,'SI','2024-03-11',NULL,NULL,8592),(18,'2403019',5,'301904053',NULL,'SI','2024-03-11',NULL,NULL,8593),(19,'2403018',5,'301804053',NULL,'SI','2024-03-11',NULL,NULL,8594),(20,'2403021',5,'302112053',NULL,'SI','2024-03-11',NULL,NULL,8595),(21,'2403020',5,'302009053',NULL,'SI','2024-03-11',NULL,NULL,8596),(22,'2403022',5,'302204053',NULL,'SI','2024-03-11',NULL,NULL,8597),(23,'2403024',5,'302405053',NULL,'SI','2024-03-11',NULL,NULL,8598),(24,'2403023',5,'302304053',NULL,'SI','2024-03-11',NULL,NULL,8600),(25,'2403025',5,'302504053',NULL,'SI','2024-03-11',NULL,NULL,8601),(26,'2403026',5,'302605053',NULL,'SI','2024-03-11',NULL,NULL,8602),(27,'2403027',5,'302703053',NULL,'SI','2024-03-11',NULL,NULL,8604),(28,'2403028',5,'302812053',NULL,'SI','2024-03-11',NULL,NULL,8603),(29,'2403029',5,'302903053',NULL,'SI','2024-03-11',NULL,NULL,8609),(30,'2403030',5,'303012053',NULL,'SI','2024-03-11',NULL,NULL,8606),(31,'2403031',5,'303112053',NULL,'SI','2024-03-11',NULL,NULL,8607),(32,'2403032',5,'303205053',NULL,'SI','2024-03-11',NULL,NULL,8608),(33,'2403033',5,'303304053',NULL,'SI','2024-03-11',NULL,NULL,8610),(34,'2403034',5,'303404053',NULL,'SI','2024-03-11',NULL,NULL,8612),(35,'2403035',5,'303505053',NULL,'SI','2024-03-11',NULL,NULL,8611),(36,'2403036',5,'303612053',NULL,'SI','2024-03-12',NULL,NULL,8614),(37,'2403038',5,'303803053',NULL,'SI','2024-03-12',NULL,NULL,8615),(38,'2403037',5,'303703053',NULL,'SI','2024-03-12',NULL,NULL,8616),(39,'2403039',5,'303904053',NULL,'SI','2024-03-12',NULL,NULL,8617),(40,'2403041',5,'304104053',NULL,'SI','2024-03-12',NULL,NULL,8620),(41,'2403040',5,'304004053',NULL,'SI','2024-03-12',NULL,NULL,8618),(42,'2403042',5,'304205053',NULL,'SI','2024-03-12',NULL,NULL,8621),(43,'2403043',5,'304304053',NULL,'SI','2024-03-12',NULL,NULL,8623),(44,'2403044',5,'304404053',NULL,'SI','2024-03-12',NULL,NULL,8624),(45,'2403045',5,'304504053',NULL,'SI','2024-03-12',NULL,NULL,8625),(46,'2403046',5,'304604053',NULL,'SI','2024-03-13',NULL,NULL,8630),(47,'2403047',5,'304712053',NULL,'SI','2024-03-13',NULL,NULL,8631),(48,'2403049',5,'304904053',NULL,'SI','2024-03-13',NULL,NULL,8632),(49,'2403048',5,'304804053',NULL,'SI','2024-03-13',NULL,NULL,8633),(50,'2403050',5,'305005053',NULL,'SI','2024-03-13',NULL,NULL,8634),(51,'2403051',5,'305104053',NULL,'SI','2024-03-13',NULL,NULL,8635),(52,'2403052',5,'305204053',NULL,'SI','2024-03-13',NULL,NULL,8636),(53,'2403053',5,'305304053',NULL,'SI','2024-03-13',NULL,NULL,8637),(54,'2403054',5,'305404053',NULL,'SI','2024-03-14',NULL,NULL,8639),(55,'2403055',5,'305504053',NULL,'SI','2024-03-14',NULL,NULL,8640),(56,'2403056',5,'305604053',NULL,'SI','2024-03-15',NULL,NULL,8643),(57,'2403057',5,'305712053',NULL,'SI','2024-03-15',NULL,NULL,8644),(58,'2403058',5,'305805053',NULL,'SI','2024-03-15',NULL,NULL,8646),(59,'2403059',5,'305912053',NULL,'SI','2024-03-15',NULL,NULL,8648),(60,'2403060',5,'306012053',NULL,'SI','2024-03-15',NULL,NULL,8649),(61,'2403061',5,'306104053',NULL,'SI','2024-03-15',NULL,NULL,8650),(62,'2403062',5,'306203053',NULL,'SI','2024-03-19',NULL,NULL,8652),(63,'2403063',5,'306304053',NULL,'SI','2024-03-19',NULL,NULL,8653),(64,'2403064',5,'306409053',NULL,'SI','2024-03-19',NULL,NULL,8657),(65,'2403065',5,'306509053',NULL,'SI','2024-03-19',NULL,NULL,8658),(66,'2403066',5,'306612053',NULL,'SI','2024-03-19',NULL,NULL,8659),(67,'2403067',5,'306705053',NULL,'SI','2024-03-19',NULL,NULL,8660),(68,'2403068',5,'306803053',NULL,'SI','2024-03-19',NULL,NULL,8664),(69,'2403069',5,'306912053',NULL,'SI','2024-03-19',NULL,NULL,8665),(70,'2403070',5,'307003053',NULL,'SI','2024-03-19',NULL,NULL,8666),(71,'2403071',5,'307103053',NULL,'SI','2024-03-19',NULL,NULL,8667),(72,'2403072',5,'307212053',NULL,'SI','2024-03-20',NULL,NULL,8668),(73,'2403073',5,'307304053',NULL,'SI','2024-03-20',NULL,NULL,8669),(74,'2403074',5,'307404053',NULL,'SI','2024-03-20',NULL,NULL,8670),(75,'2403075',5,'307503053',NULL,'SI','2024-03-20',NULL,NULL,8672),(76,'2403076',5,'307601053',NULL,'SI','2024-03-20',NULL,NULL,8671),(77,'2403077',5,'307704053',NULL,'SI','2024-03-20',NULL,NULL,8673),(78,'2403078',5,'307804053',NULL,'SI','2024-03-21',NULL,NULL,8675),(79,'2403079',5,'307904053',NULL,'SI','2024-03-21',NULL,NULL,8676),(80,'2403080',5,'308003053',NULL,'SI','2024-03-21',NULL,NULL,8678),(81,'2403081',5,'308105053',NULL,'SI','2024-03-21',NULL,NULL,8683),(82,'2403082',5,'308205053',NULL,'SI','2024-03-21',NULL,NULL,8685),(83,'2403083',5,'308304053',NULL,'SI','2024-03-22',NULL,NULL,8692),(84,'2403084',5,'308404053',NULL,'SI','2024-03-22',NULL,NULL,8696),(85,'2403085',5,'308512053',NULL,'SI','2024-03-25',NULL,NULL,8697),(86,'2403086',5,'308612053',NULL,'SI','2024-03-25',NULL,NULL,8698),(87,'2403087',5,'308704053',NULL,'SI','2024-03-25',NULL,NULL,8699),(88,'2403088',5,'308805053',NULL,'SI','2024-03-25',NULL,NULL,8700),(89,'2403089',5,'308912053',NULL,'SI','2024-03-26',NULL,NULL,8701),(90,'2403090',5,'309005053',NULL,'SI','2024-03-27',NULL,NULL,8706),(91,'2403091',5,'309112053',NULL,'SI','2024-03-27',NULL,NULL,8710),(92,'2403092',5,'309204053',NULL,'SI','2024-03-27',NULL,NULL,8711),(93,'2403093',5,'309312053',NULL,'SI','2024-03-27',NULL,NULL,8712),(94,'2403094',5,'309404053',NULL,'SI','2024-03-27',NULL,NULL,8714),(95,'2403095',5,'309501053',NULL,'SI','2024-04-01',NULL,NULL,8715),(96,'2403096',5,'309604053',NULL,'SI','2024-04-01',NULL,NULL,8716),(97,'2403097',5,'309709053',NULL,'SI','2024-04-02',NULL,NULL,8717),(98,'2403098',5,'309803053',NULL,'SI','2024-04-02',NULL,NULL,8718),(99,'2403099',5,'309904053',NULL,'SI','2024-04-08',NULL,NULL,8732),(100,'2403100',5,'310012053',NULL,'SI','2024-04-03',NULL,NULL,8719),(101,'2403101',5,'310112053',NULL,'SI','2024-04-03',NULL,NULL,8720),(102,'2403102',5,'310212053',NULL,'SI','2024-04-03',NULL,NULL,8721),(103,'2403103',5,'310304053',NULL,'SI','2024-04-03',NULL,NULL,8723),(104,'2403104',5,'310401053',NULL,'SI','2024-04-04',NULL,NULL,8724),(105,'2403105',5,'310512053',NULL,'SI','2024-04-04',NULL,NULL,8725),(106,'2403106',5,'310605053',NULL,'SI','2024-04-05',NULL,NULL,8726),(107,'2403107',5,'310705053',NULL,'SI','2024-04-05',NULL,NULL,8727),(108,'2403108',5,'310804053',NULL,'SI','2024-04-08',NULL,NULL,8729),(109,'2403109',5,'310905053',NULL,'SI','2024-04-08',NULL,NULL,8730),(110,'2403110',5,'311004053',NULL,'SI','2024-04-08',NULL,NULL,8733),(111,'2403111',5,'311104053',NULL,'SI','2024-04-08',NULL,NULL,8734),(112,'2403112',5,'311204053',NULL,'SI','2024-04-09',NULL,NULL,8737),(113,'2403113',5,'311305053',NULL,'SI','2024-04-09',NULL,NULL,8738),(114,'2403114',5,'311405053',NULL,'SI','2024-04-09',NULL,NULL,8739),(115,'2403115',5,'311505053',NULL,'SI','2024-04-10',NULL,NULL,8751),(116,'2403117',5,'311704053',NULL,'SI','2024-04-11',NULL,NULL,8753),(117,'2403116',5,'311604053',NULL,'SI','2024-04-11',NULL,NULL,8754),(118,'2403118',5,'311804053',NULL,'SI','2024-04-11',NULL,NULL,8755),(119,'2403119',5,'311912053',NULL,'SI','2024-04-12',NULL,NULL,8757),(120,'2403120',5,'312012053',NULL,'SI','2024-04-15',NULL,NULL,8763),(121,'2403121',5,'312104053',NULL,'SI','2024-04-16',NULL,NULL,8766),(122,'2403122',5,'312204053',NULL,'SI','2024-04-16',NULL,NULL,8767),(123,'2403123',5,'312304053',NULL,'SI','2024-04-16',NULL,NULL,8768),(124,'2403124',5,'312409053',NULL,'SI','2024-04-17',NULL,NULL,8772),(125,'2403125',5,'312503053',NULL,'SI','2024-04-17',NULL,NULL,8773),(126,'2403126',5,'312612053',NULL,'SI','2024-04-17',NULL,NULL,8774);
/*!40000 ALTER TABLE `utmir_pagos` ENABLE KEYS */;
UNLOCK TABLES;

--
-- Table structure for table `utmir_periodos`
--

DROP TABLE IF EXISTS `utmir_periodos`;
/*!40101 SET @saved_cs_client     = @@character_set_client */;
/*!40101 SET character_set_client = utf8 */;
CREATE TABLE `utmir_periodos` (
  `id` bigint(20) NOT NULL AUTO_INCREMENT,
  `anio_fin` int(11) DEFAULT NULL,
  `anio_inicio` int(11) DEFAULT NULL,
  `numero_periodo` int(11) DEFAULT NULL,
  `periodo` varchar(255) COLLATE utf8_spanish_ci DEFAULT NULL,
  PRIMARY KEY (`id`)
) ENGINE=InnoDB DEFAULT CHARSET=utf8 COLLATE=utf8_spanish_ci;
/*!40101 SET character_set_client = @saved_cs_client */;

--
-- Dumping data for table `utmir_periodos`
--

LOCK TABLES `utmir_periodos` WRITE;
/*!40000 ALTER TABLE `utmir_periodos` DISABLE KEYS */;
/*!40000 ALTER TABLE `utmir_periodos` ENABLE KEYS */;
UNLOCK TABLES;

--
-- Table structure for table `utmir_planeaciones`
--

DROP TABLE IF EXISTS `utmir_planeaciones`;
/*!40101 SET @saved_cs_client     = @@character_set_client */;
/*!40101 SET character_set_client = utf8 */;
CREATE TABLE `utmir_planeaciones` (
  `id_planeacion` bigint(20) NOT NULL AUTO_INCREMENT,
  `descripcion` varchar(255) COLLATE utf8_spanish_ci DEFAULT NULL,
  `fecha_fin` date DEFAULT NULL,
  `fecha_inicio` date DEFAULT NULL,
  `no_semana` varchar(255) COLLATE utf8_spanish_ci DEFAULT NULL,
  `id_asignacion_asignatura` bigint(20) DEFAULT NULL,
  PRIMARY KEY (`id_planeacion`),
  KEY `FKfp8cvhbvr9citdugaiah1bq5c` (`id_asignacion_asignatura`),
  CONSTRAINT `FKfp8cvhbvr9citdugaiah1bq5c` FOREIGN KEY (`id_asignacion_asignatura`) REFERENCES `utmir_asignacion_asignatura` (`id_asignacion_asignatura`)
) ENGINE=InnoDB DEFAULT CHARSET=utf8 COLLATE=utf8_spanish_ci;
/*!40101 SET character_set_client = @saved_cs_client */;

--
-- Dumping data for table `utmir_planeaciones`
--

LOCK TABLES `utmir_planeaciones` WRITE;
/*!40000 ALTER TABLE `utmir_planeaciones` DISABLE KEYS */;
/*!40000 ALTER TABLE `utmir_planeaciones` ENABLE KEYS */;
UNLOCK TABLES;

--
-- Table structure for table `utmir_proyecto_asignatura`
--

DROP TABLE IF EXISTS `utmir_proyecto_asignatura`;
/*!40101 SET @saved_cs_client     = @@character_set_client */;
/*!40101 SET character_set_client = utf8 */;
CREATE TABLE `utmir_proyecto_asignatura` (
  `id_proyecto_asignatura` bigint(20) NOT NULL AUTO_INCREMENT,
  `fecha` date DEFAULT NULL,
  `objetivo` varchar(255) COLLATE utf8_spanish_ci DEFAULT NULL,
  `titulo` varchar(255) COLLATE utf8_spanish_ci DEFAULT NULL,
  `id_asignacion_asignatura` bigint(20) DEFAULT NULL,
  PRIMARY KEY (`id_proyecto_asignatura`),
  KEY `FKsafxj8wcxwpamgaddwla2kdov` (`id_asignacion_asignatura`),
  CONSTRAINT `FKsafxj8wcxwpamgaddwla2kdov` FOREIGN KEY (`id_asignacion_asignatura`) REFERENCES `utmir_asignacion_asignatura` (`id_asignacion_asignatura`)
) ENGINE=InnoDB DEFAULT CHARSET=utf8 COLLATE=utf8_spanish_ci;
/*!40101 SET character_set_client = @saved_cs_client */;

--
-- Dumping data for table `utmir_proyecto_asignatura`
--

LOCK TABLES `utmir_proyecto_asignatura` WRITE;
/*!40000 ALTER TABLE `utmir_proyecto_asignatura` DISABLE KEYS */;
/*!40000 ALTER TABLE `utmir_proyecto_asignatura` ENABLE KEYS */;
UNLOCK TABLES;

--
-- Table structure for table `utmir_roles`
--

DROP TABLE IF EXISTS `utmir_roles`;
/*!40101 SET @saved_cs_client     = @@character_set_client */;
/*!40101 SET character_set_client = utf8 */;
CREATE TABLE `utmir_roles` (
  `id` int(11) NOT NULL AUTO_INCREMENT,
  `name` enum('ROLE_ADMIN','ROLE_ALUMNO','ROLE_ASPIRANTE','ROLE_BAJA_ABANDONO','ROLE_BAJA_DEFINITIVA','ROLE_BAJA_TEMPORAL','ROLE_DIRECCION_ACADEMICA','ROLE_DOCENTES','ROLE_EGRESADO_ING_LIC','ROLE_EGRESADO_TSU','ROLE_FINANZAS','ROLE_INACTIVO_FALTA_PAGO','ROLE_NO_CONTINUIDAD','ROLE_SERVICIOSESCOLARES','ROLE_VINCULACION') COLLATE utf8_spanish_ci DEFAULT NULL,
  PRIMARY KEY (`id`)
) ENGINE=InnoDB AUTO_INCREMENT=9 DEFAULT CHARSET=utf8 COLLATE=utf8_spanish_ci;
/*!40101 SET character_set_client = @saved_cs_client */;

--
-- Dumping data for table `utmir_roles`
--

LOCK TABLES `utmir_roles` WRITE;
/*!40000 ALTER TABLE `utmir_roles` DISABLE KEYS */;
INSERT INTO `utmir_roles` VALUES (1,'ROLE_ADMIN'),(2,'ROLE_ASPIRANTE'),(3,'ROLE_FINANZAS'),(4,'ROLE_VINCULACION'),(5,'ROLE_SERVICIOSESCOLARES'),(6,'ROLE_ALUMNO'),(7,'ROLE_DIRECCION_ACADEMICA'),(8,'ROLE_DOCENTES');
/*!40000 ALTER TABLE `utmir_roles` ENABLE KEYS */;
UNLOCK TABLES;

--
-- Table structure for table `utmir_status`
--

DROP TABLE IF EXISTS `utmir_status`;
/*!40101 SET @saved_cs_client     = @@character_set_client */;
/*!40101 SET character_set_client = utf8 */;
CREATE TABLE `utmir_status` (
  `id_status` bigint(20) NOT NULL AUTO_INCREMENT,
  `status` varchar(255) COLLATE utf8_spanish_ci DEFAULT NULL,
  PRIMARY KEY (`id_status`)
) ENGINE=InnoDB AUTO_INCREMENT=2 DEFAULT CHARSET=utf8 COLLATE=utf8_spanish_ci;
/*!40101 SET character_set_client = @saved_cs_client */;

--
-- Dumping data for table `utmir_status`
--

LOCK TABLES `utmir_status` WRITE;
/*!40000 ALTER TABLE `utmir_status` DISABLE KEYS */;
INSERT INTO `utmir_status` VALUES (0,'Inactivo'),(1,'Activo');
/*!40000 ALTER TABLE `utmir_status` ENABLE KEYS */;
UNLOCK TABLES;

--
-- Table structure for table `utmir_tipo_sangre`
--

DROP TABLE IF EXISTS `utmir_tipo_sangre`;
/*!40101 SET @saved_cs_client     = @@character_set_client */;
/*!40101 SET character_set_client = utf8 */;
CREATE TABLE `utmir_tipo_sangre` (
  `id_tipo_sangre` bigint(20) NOT NULL AUTO_INCREMENT,
  `tipo_sangre` varchar(255) COLLATE utf8_spanish_ci DEFAULT NULL,
  PRIMARY KEY (`id_tipo_sangre`)
) ENGINE=InnoDB AUTO_INCREMENT=9 DEFAULT CHARSET=utf8 COLLATE=utf8_spanish_ci;
/*!40101 SET character_set_client = @saved_cs_client */;

--
-- Dumping data for table `utmir_tipo_sangre`
--

LOCK TABLES `utmir_tipo_sangre` WRITE;
/*!40000 ALTER TABLE `utmir_tipo_sangre` DISABLE KEYS */;
INSERT INTO `utmir_tipo_sangre` VALUES (1,'A+'),(2,'A-'),(3,'B+'),(4,'B-'),(5,'AB+'),(6,'AB-'),(7,'O+'),(8,'O-');
/*!40000 ALTER TABLE `utmir_tipo_sangre` ENABLE KEYS */;
UNLOCK TABLES;

--
-- Table structure for table `utmir_unidades_asignatura`
--

DROP TABLE IF EXISTS `utmir_unidades_asignatura`;
/*!40101 SET @saved_cs_client     = @@character_set_client */;
/*!40101 SET character_set_client = utf8 */;
CREATE TABLE `utmir_unidades_asignatura` (
  `id_unidades_asignatura` bigint(20) NOT NULL AUTO_INCREMENT,
  `nombre_unidad` varchar(255) COLLATE utf8_spanish_ci DEFAULT NULL,
  `porcentaje` double NOT NULL,
  `total_horas_unidad` varchar(255) COLLATE utf8_spanish_ci DEFAULT NULL,
  `id_asignaturas` bigint(20) DEFAULT NULL,
  PRIMARY KEY (`id_unidades_asignatura`),
  KEY `FKse3ogqcf3id8jlwb75a7pktp7` (`id_asignaturas`),
  CONSTRAINT `FKse3ogqcf3id8jlwb75a7pktp7` FOREIGN KEY (`id_asignaturas`) REFERENCES `utmir_asignatura` (`id_asignaturas`)
) ENGINE=InnoDB AUTO_INCREMENT=996 DEFAULT CHARSET=utf8 COLLATE=utf8_spanish_ci;
/*!40101 SET character_set_client = @saved_cs_client */;

--
-- Dumping data for table `utmir_unidades_asignatura`
--

LOCK TABLES `utmir_unidades_asignatura` WRITE;
/*!40000 ALTER TABLE `utmir_unidades_asignatura` DISABLE KEYS */;
INSERT INTO `utmir_unidades_asignatura` VALUES (1,'I. Sistemas de Numeración',18.19,'12',87),(2,'II.	Álgebra',27.27,'18',87),(3,'III.	Ecuaciones e Inecuaciones',27.27,'18',87),(4,'IV. Álgebra Lineal',27.27,'18',87),(5,'I.	Principios básicos de Química',26.67,'20',88),(6,'II.	Nomenclatura de compuestos químicos y Estequiometría',26.67,'20',88),(7,'III.	Soluciones y Cinética química',26.66,'20',88),(8,'VI.	Electroquímica y Termoquímica',20,'15',88),(9,'I.             La Célula',20,'12',89),(10,'II.            Anatomía vegetal',43.33,'26',89),(11,'III.          Grupos zoológicos de interés agrícola',21.67,'13',89),(12,'IV.         Introducción a la ecología',15,'9',89),(13,'     I.        Introducción a la Fisiología Vegetal',8.33,'5',90),(14,'    II.        Crecimiento y desarrollo de las plantas',63.33,'38',90),(15,'  III.        Reguladores de crecimiento',28.34,'17',90),(16,'I.	Presentación',50,'30',92),(17,'II.	Actividades',50,'30',92),(18,'I. Bases gramaticales para la construcción de ideas',26.67,'20',93),(19,'II. Organización y estructuración de ideas',46.67,'35',93),(20,'III. Introducción a la redacción',26.66,'20',93),(21,'I.	Desarrollo sustentable',50,'15',94),(22,'II.	Plan de vida y carrera',50,'15',94),(23,'I.	Estructura y función de microorganismos',25,'15',91),(24,'II.	Medios de cultivo y crecimiento microbiano',50,'30',91),(25,'III.	Producción masiva de microorganismos',25,'15',91),(26,'I.	Geometría y Trigonometría',26.67,'16',95),(27,'II.	Geometría Analítica',26.67,'16',95),(28,'III.	Funciones',26.66,'16',95),(29,'VI.	Álgebra Vectorial',20,'12',95),(30,'I. Introducción a la química orgánica',16.67,'15',96),(31,'II.  Hidrocarburos alifáticos y cíclicos',22.22,'20',96),(32,'III.  Hidrocarburos aromáticos y sus derivados',22.22,'20',96),(33,'IV. Compuestos orgánicos oxigenados',22.22,'20',96),(34,'V. Compuestos orgánicos nitrogenados',16.67,'15',96),(35,'I.             El presente continuo',16.67,'10',102),(36,'II.            La cantidad',16.67,'10',102),(37,'III.          El pasado',66.66,'40',102),(38,'I.             Mecánica de grupos',33.33,'15',103),(39,'II.            Dinámica de grupos',66.67,'30',103),(40,'I.           Sistemas, taxonomía y nomenclatura de plantas',10,'6',100),(41,'II.            Talofitas',10,'6',100),(42,'III.          Plantas inferiores',10,'6',100),(43,'IV.          Spermatophyta: Subdivisión Coniferophytina, (Gimnospermas).',10,'6',100),(44,'V.           Spermatophyta: Subdivisión Magnoliophytina, (Angiospermas).',33.33,'20',100),(45,'VI.          Spermatophyta: Subdivisión Magnoliophytina, (Angiospermas). ',26.67,'16',100),(46,'I. Interacción y cuantificación de poblaciones microbianas',55.56,'25',99),(47,'II. Hábitat microbiano y ciclos biogeoquímicos',44.44,'20',99),(48,'I.             Introducción a la edafología',10,'6',98),(49,'II.            Propiedades físicas',26.67,'16',98),(50,'III.          Propiedades hidrofísicas',23.33,'14',98),(51,'IV.         Propiedades químicas',40,'24',98),(52,'1.    Bases cromosómicas y bioquímicas de la herencia ',20,'12',97),(53,'2.    Genética mendeliana y no mendeliana',33.33,'20',97),(54,'3.    Mejoramiento genético de plantas',46.67,'28',97),(55,'I.      Informática.',11.12,'5',101),(56,'II.     Ofimática.',44.44,'20',101),(57,'III.   Bases de Datos',44.44,'20',101),(58,'I.             Límites y continuidad',20,'12',104),(59,'II.            La derivada',53.33,'32',104),(60,'III.          Optimización',26.67,'16',104),(61,'I.             Muestreo y pretratamiento de muestras',16.67,'15',105),(62,'II.            Métodos analíticos clásicos',44.44,'40',105),(63,'III.          Métodos de análisis instrumental',38.89,'35',105),(64,'I.             Introducción a la Física',20,'12',106),(65,'II.            Estática',33.33,'20',106),(66,'III.          Dinámica y Cinemática',46.67,'28',106),(67,'I.             Pasado simple vs pasado continuo',33.33,'20',111),(68,'II.            Invitaciones',33.33,'20',111),(69,'III.          Planes y proyectos',33.34,'20',111),(70,'I.             Liderazgo y toma de decisiones',33.33,'10',112),(71,'II.            Negociación y toma de decisiones',66.67,'20',112),(72,'I.             Carbohidratos',20,'12',109),(73,'II.            Lípidos',20,'12',109),(74,'III.          Proteínas',41.67,'25',109),(75,'IV.         Ácidos nucleicos.',18.33,'11',109),(76,'I.             Importancia de la biotecnología y requerimientos para el cultivo in vitro',33.33,'20',107),(77,'II.            Vías morfogénicas de propagación in vitro',50,'30',107),(78,'III.          Técnicas de cultivo para mejoramiento de material vegetal',16.67,'10',107),(79,'I.      Plagas',66.67,'40',108),(80,'II.     Malezas',33.33,'20',108),(81,'I.   Propagación por acodos y estacas',28.89,'13',110),(82,'II.  Reproducción y propagación por injertos',28.89,'13',110),(83,'III. Reproducción y propagación por semillas',22.22,'10',110),(84,'IV. Propagación mediante estructuras especiales',20,'9',110),(85,'I.             Integral indefinida ',33.33,'20',113),(86,'II.            Integral definida',33.33,'20',113),(87,'III.          Series y sucesiones',33.34,'20',113),(88,'I.             Estadística Descriptiva',33.33,'25',114),(89,'II.            Probabilidad',33.33,'25',114),(90,'III.          Estadística Inferencial',33.34,'25',114),(91,'I.             Planteamiento del proyecto agrobiotecnológico',20,'6',115),(92,'II.            Desarrollo del proyecto agrobiotecnológico',80,'24',115),(93,'I.             Comparativos, superlativos',33.33,'20',121),(94,'II.            Presente Perfecto',66.67,'40',121),(95,'I. Proceso del pensamiento creativo',33.33,'15',122),(96,'II. Desarrollo de ideas',44.45,'20',122),(97,'III. Administración por valores',22.22,'10',122),(98,'     I.        Introducción a los abonos orgánicos',11.11,'5',119),(99,'    II.        Abonos orgánicos sólidos',44.45,'20',119),(100,'  III.        Abonos orgánicos líquidos',44.44,'20',119),(101,'I. Requerimientos para la aclimatización',50,'30',118),(102,'II.  Manejo nutricional durante la aclimatización.',50,'30',118),(103,'I.             Introducción a la agrometeorología.',28.89,'13',120),(104,'II.            Elementos del clima',48.89,'22',120),(105,'III.          Manejo de la información climática.',22.22,'10',120),(106,'I.      Introducción a la fitopatología',25,'15',117),(107,'II.     Tratamiento y control de enfermedades',75,'45',117),(108,'I.             Proceso administrativo',20,'9',116),(109,'II.            Contabilidad de costos',35.56,'16',116),(110,'III.          Análisis costo-volumen-utilidad',44.44,'20',116),(111,'I.             Principios de Electricidad y Magnetismo ',13.33,'6',123),(112,'II.            Electrostática',33.33,'15',123),(113,'III.          Electrocinética',33.34,'15',123),(114,'IV.         Fuentes de campo magnético',20,'9',123),(115,'I.             Planteamiento del proyecto agrobiotecnológico',20,'6',129),(116,'II.            Desarrollo del proyecto agrobiotecnológico',80,'24',129),(117,'I.             Condicionales',33.33,'20',131),(118,'II.            Entorno laboral',33.33,'20',131),(119,'III.          Interpretación de textos técnicos específicos',33.34,'20',131),(120,'I.     Comunicación verbal y no verbal',24,'18',132),(121,'II.    Tipos de comunicación',38.67,'29',132),(122,'III. Redacción de documentos ejecutivos y técnicos',37.33,'28',132),(123,'I.             Sistemas Agrícolas',17.78,'8',130),(124,'II.            Manejo sostenible de cultivos agrícolas',48.89,'22',130),(125,'III.          Prácticas de conservación y mejoramiento del suelo',33.33,'15',130),(126,'I.             Introducción a los biofertilizantes',16.67,'10',127),(127,'II.            Bacterias fijadoras de nitrógeno',41.67,'25',127),(128,'III.          Micorrizas',41.66,'25',127),(129,'I. Fundamentos de biorremediación',16.67,'10',125),(130,'II. Biorremediación',46.67,'28',125),(131,'III. Fitorremediación',36.66,'22',125),(132,'I.     Tipos de agentes de control biológico',16.67,'10',128),(133,'II.            Técnicas de reproducción de organismos',55,'33',128),(134,'III.          Técnicas de aplicación de bioproductos',28.33,'17',128),(135,'I.      Introducción a los diseños experimentales',11.11,'5',124),(136,'II.     Diseño completamente al azar (DCA)',44.44,'20',124),(137,'III.   Diseño de bloques completos al azar (DBCA)',44.45,'20',124),(138,'I.             Metabolismo',20,'12',126),(139,'II.            Extracción y purificación de metabolitos',80,'48',126),(140,'-       I. Operaciones Aritméticas',13.33,'8',173),(141,'-       II. Operaciones Algebraicas',33.33,'20',173),(142,'-       III. Operaciones Matriciales',53.34,'32',173),(143,'I.       Herramientas en línea',13.33,'10',174),(144,'II.     Ofimática',33.33,'25',174),(145,'III.    Hoja de cálculo',53.34,'40',174),(146,'I. Introducción a la Administración     ',20,'9',175),(147,'II. Proceso Administrativo     ',80,'36',175),(148,'I. Fundamentos de Mercadotecnia',8,'6',176),(149,'II. Proceso de investigación de mercados',20,'15',176),(150,'III. Mezcla de Mercadotecnia',58.67,'44',176),(151,'IV. Introducción al Comercio Internacional',13.33,'10',176),(152,'I.             Introducción a la contabilidad',6.67,'7',177),(153,'II.            Estructura financiera',20,'21',177),(154,'III.          Proceso contable',33.33,'35',177),(155,'IV.         Ciclo Contable',40,'42',177),(156,'I.             Presentación',50,'30',178),(157,'II.            Actividades',50,'30',178),(158,'I. Bases gramaticales para la construcción de ideas',26.67,'20',179),(159,'II. Organización y estructuración de ideas',46.67,'35',179),(160,'III. Introducción a la redacción',26.66,'20',179),(161,'I.             Desarrollo sustentable',50,'15',180),(162,'II.            Plan de vida y carrera',50,'15',180),(163,'I. Tanto por ciento',13.33,'6',181),(164,'II. Interés simple e interés compuesto',31.12,'14',181),(165,'III. Anualidades',33.33,'15',181),(166,'IV. Tablas de amortización',22.22,'10',181),(167,'I. Introducción a la estadística  ',10,'6',182),(168,'II. Estadística descriptiva',35,'21',182),(169,'III. Estadística inferencial     ',35,'21',182),(170,'IV. Operación de software estadístico',20,'12',182),(171,'I.       Introducción al Desarrollo Organizacional',13.33,'6',183),(172,'II.     Cultura Organizacional',46.67,'21',183),(173,'III.    Diagnóstico Organizacional',40,'18',183),(174,'I.             Fundamentos de Investigación',10,'6',184),(175,'II.            Investigación cuantitativa',36.67,'22',184),(176,'III.          Procesamiento de información',41.67,'25',184),(177,'IV.         Investigación cualitativa y mixta',11.66,'7',184),(178,'1.    I. Registro de operaciones utilizando software contable',18.67,'14',185),(179,'2.    II. Capital de trabajo e inversiones permanentes',61.33,'46',185),(180,'3.    III. El costo de producción',20,'15',185),(181,'I.             Introducción a la economía',13.33,'8',186),(182,'II.            Microeconomía',50,'30',186),(183,'III.          Macroeconomía',36.67,'22',186),(184,'I. Desarrollo de procesos',40,'30',187),(185,'II. Gestión de la calidad',10.67,'8',187),(186,'III. Certificación y mejora continua',22.67,'17',187),(187,'IV. Herramientas de calidad',26.66,'20',187),(188,'I.             El presente continuo',16.67,'10',188),(189,'II.            La cantidad',16.67,'10',188),(190,'III.          El pasado',66.66,'40',188),(191,'I.             Mecánica de grupos',33.33,'15',189),(192,'II.            Dinámica de grupos',66.67,'30',189),(193,'I.             Introducción a las finanzas',13.33,'10',192),(194,'II.            Métodos de análisis financiero horizontal',33.33,'25',192),(195,'III.          Métodos de análisis financiero vertical',53.34,'40',192),(196,'I.             Escenarios de la Sustentabilidad en las organizaciones y su entorno.',50,'30',194),(197,'II.            Estrategias de Sustentabilidad',50,'30',194),(198,'I.             Liderazgo y toma de decisiones',33.33,'10',198),(199,'II.            Negociación y toma de decisiones',66.67,'20',198),(200,'I.             Pasado simple vs pasado continuo',33.33,'20',197),(201,'II.            Invitaciones',33.33,'20',197),(202,'III.          Planes y proyectos',33.34,'20',197),(203,'I. Diagnóstico Organizacional  ',33.33,'10',196),(204,'II. Gestión de la organización ',66.67,'20',196),(205,'I.             Conceptos generales y divisiones del derecho',10,'6',195),(206,'II.            Fundamentos de derecho civil',15,'9',195),(207,'III.          Fundamentos de derecho mercantil',41.67,'25',195),(208,'IV.         Fundamentos de derecho laboral',33.33,'20',195),(209,'I.             Fundamentos de Planeación Estratégica',13.33,'8',190),(210,'II.            Diagnóstico situacional',50,'30',190),(211,'III.          Formulación de Objetivos y Estrategias',36.67,'22',190),(212,'I.         Costos y presupuestos',33.33,'30',193),(213,'II.        Presupuesto de ingresos, egresos y financiero',35.55,'32',193),(214,'III.      Presupuestos por programas y actividades',15.56,'14',193),(215,'IV.      Fuentes de financiamiento',15.56,'14',193),(216,'I.             Iniciativa emprendedora',16.67,'10',191),(217,'II.            Creatividad e innovación',33.33,'20',191),(218,'III.          Emprendimiento',50,'30',191),(219,'I. Fundamentos de la psicología organizacional',16.67,'10',199),(220,'II. Comportamiento individual',25,'15',199),(221,'III. Comportamiento grupal  ',33.33,'20',199),(222,'IV. Estrés laboral',25,'15',199),(223,'I. Manual de descripción de puestos',46.67,'42',202),(224,'II. Valuación de Puestos',53.33,'48',202),(225,'I. Proceso del pensamiento creativo',33.33,'15',205),(226,'II. Desarrollo de ideas',44.44,'20',205),(227,'III. Administración por valores',22.23,'10',205),(228,'I.             Comparativos, superlativos',33.33,'20',204),(229,'II.            Presente Perfecto',66.67,'40',204),(230,'I.             Planeación de capital humano',28.57,'30',201),(231,'II.            Reclutamiento',19.05,'20',201),(232,'III.          Selección',38.1,'40',201),(233,'IV.         Formalización de la relación laboral',14.28,'15',201),(234,'I.             Relaciones Individuales de Trabajo',46.67,'35',203),(235,'II.            Autoridades laborales',13.33,'10',203),(236,'III.          Relaciones Colectivas de trabajo',40,'30',203),(237,'I.             Fundamentos de nómina',13.33,'14',200),(238,'II.            Nómina ordinaria',47.62,'50',200),(239,'III.          Nóminas extraordinarias y especiales',39.05,'41',200),(240,'I. Comunicación organizacional',33.33,'30',206),(241,'II. Clima Laboral',33.33,'30',206),(242,'III Cultura organizacional',33.34,'30',206),(243,'I.             Inducción a la organización',27.78,'25',208),(244,'II.            Diagnóstico de necesidades de capacitación',27.78,'25',208),(245,'III.          Plan de capacitación y evaluación',27.78,'25',208),(246,'IV.         Plan de carrera',16.66,'15',208),(247,'I.             Generalidades de la evaluación de desempeño del personal',20,'12',209),(248,'II.            Métodos y Manual de evaluación   ',80,'48',209),(249,'I. El proceso de la comunicación',33.33,'25',213),(250,'II. La comunicación efectiva en las organizaciones',66.67,'50',213),(251,'I. Seguridad laboral',20,'12',210),(252,'II. Higiene Laboral',33.33,'20',210),(253,'III. Gestión de seguridad e Higiene.',46.67,'28',210),(254,'I.             Condicionales',33.33,'20',212),(255,'II.            Entorno laboral',33.33,'20',212),(256,'III.          Interpretación de textos técnicos específicos',33.34,'20',212),(257,'I. Administración de capital humano',50,'15',211),(258,'II. Desarrollo de capital humano',50,'15',211),(259,'I. Impuesto sobre la Renta Anual y Honorarios asimilados  ',44.44,'20',207),(260,'II. Disposiciones de Seguridad Social',55.56,'25',207),(261,'I.             Sistemas de Numeración',20,'18',215),(262,'II.            Álgebra',26.67,'24',215),(263,'III.          Ecuaciones e Inecuaciones',26.67,'24',215),(264,'IV.         Álgebra Lineal',26.66,'24',215),(265,'I. Fundamentos del dibujo y entorno de trabajo',42.22,'38',217),(266,'II. Dibujo arquitectónico',33.33,'30',217),(267,'III. Dibujo estructural',24.45,'22',217),(268,'I. Bases gramaticales para la construcción de ideas',26.67,'20',221),(269,'II. Organización y estructuración de ideas',46.67,'35',221),(270,'III. Introducción a la redacción',26.66,'20',221),(271,'I.  Desarrollo sustentable',50,'15',222),(272,'II. Plan de Vida y Carrera',50,'15',222),(273,'I. Procesador de textos',20,'9',218),(274,'II. Editor de Presentaciones',13.33,'6',218),(275,'III. Hoja de cálculo',66.67,'30',218),(276,'I.             Presentación',50,'30',220),(277,'II.            Actividades',50,'30',220),(278,'     I.        La industria de la construcción en México',16.67,'10',219),(279,'    II.        Materiales básicos en la construcción',16.67,'10',219),(280,'  III.        Principios básicos en la construcción',33.33,'20',219),(281,'  IV.        Herramienta básica en la construcción   ',23.33,'14',219),(282,'    V.        Equipo y maquinaria',5,'3',219),(283,'  VI.        Seguridad',5,'3',219),(284,'I.             Principios básicos de Química',26.67,'20',216),(285,'II.            Nomenclatura de compuestos químicos y Estequiometría',26.67,'20',216),(286,'III.          Soluciones y Cinética química',26.66,'20',216),(287,'IV.          Electroquímica y Termoquímica',20,'15',216),(288,'I.     Proceso Administrativo',48.89,'22',225),(289,'     II.- Empresas Constructoras',31.11,'14',225),(290,'     III.- Registros y Permisos de Obra',8.89,'4',225),(291,'     IV.- Seguridad e Higiene de Obra',11.11,'5',225),(292,'      I.        Trabajos preliminares',27.78,'25',227),(293,'    II.        Procesos constructivos',72.22,'65',227),(294,'I.             Estática de partícula',22.22,'20',224),(295,'II.            Estática del cuerpo rígido',27.78,'25',224),(296,'III.          Propiedades de las áreas',16.67,'15',224),(297,'IV.          Estructuras formadas por barras',33.33,'30',224),(298,'I.            Mecánica de grupos',33.33,'15',231),(299,'II.         Dinámica de grupos',66.67,'30',231),(300,'I.             Geometría y Trigonometría',26.67,'16',223),(301,'II.            Geometría Analítica',26.67,'16',223),(302,'III.          Funciones',26.66,'16',223),(303,'IV.         Álgebra Vectorial',20,'12',223),(304,'I.             El presente continuo',16.67,'10',230),(305,'II.            La cantidad',16.66,'10',230),(306,'III.          El pasado',66.67,'40',230),(307,'     I.        Fundamentos de instalaciones eléctricas.',33.33,'15',228),(308,'    II.        Cálculo de elementos de instalaciones eléctricas',44.44,'20',228),(309,'III. Memoria de cálculo de una instalación eléctrica',22.23,'10',228),(310,'I. Instalaciones de gas LP',24.44,'11',229),(311,'II.  Instalaciones de aire acondicionado',31.12,'14',229),(312,'III. Instalaciones de voz y datos/sistema contra incendios',44.44,'20',229),(313,'I.              Introducción a la Topografía',25,'15',226),(314,'II.             Planimetría',33.33,'20',226),(315,'III.           Altimetría',41.67,'25',226),(316,'I.             Introducción al análisis de costos de obra',22.22,'20',234),(317,'II.            Costo directo',77.78,'70',234),(318,'I.             Límites y continuidad',20,'12',232),(319,'II.            La derivada',53.33,'32',232),(320,'III.          Optimización',26.67,'16',232),(321,'I.             Estructura de los materiales',26.66,'12',233),(322,'II.            Propiedades de los materiales  ',46.67,'21',233),(323,'III.          Materiales semiconductores',26.67,'12',233),(324,'I.             Liderazgo y toma de decisiones',33.33,'10',240),(325,'II.            Negociación y toma de decisiones',66.67,'20',240),(326,'I.             Pasado simple vs pasado continuo',33.34,'20',239),(327,'II.            Invitaciones',33.33,'20',239),(328,'III.          Planes y proyectos',33.33,'20',239),(329,'I.             Instalaciones Hidráulicas',48.89,'22',237),(330,'II.            Instalaciones Sanitarias',51.11,'23',237),(331,'I.             Planos arquitectónicos y estructurales',33.33,'10',238),(332,'II.            Proyecto de instalaciones',33.33,'10',238),(333,'III.  Volumetría de obra y licencias de construcción',33.34,'10',238),(334,'I.  Introducción a la mecánica de materiales',22.22,'20',236),(335,'II.  Carga axial y flexión',27.78,'25',236),(336,'III. Cortante y torsión',33.33,'30',236),(337,'IV. Deformaciones',16.67,'15',236),(338,'I.             Estación total  y GPS',50,'30',235),(339,'II.            Software Especializado en Topografía',50,'30',235),(340,'I.- Costos indirectos de obra',33.33,'30',242),(341,'II.- Precio unitario y presupuesto de obra',50,'45',242),(342,'III.- Escalatorias',16.67,'15',242),(343,'I.             Integral indefinida ',33.34,'20',241),(344,'II.            Integral definida',33.33,'20',241),(345,'III.          Series y sucesiones',33.33,'20',241),(346,'I.             Proceso de pensamiento creativo',33.33,'15',247),(347,'II.            Desarrollo de ideas',44.44,'20',247),(348,'III.          Administración por valores',22.23,'10',247),(349,'I.             Hidrostática',16.67,'15',244),(350,'II.            Hidrodinámica',16.67,'15',244),(351,'III.           Flujo y conductos a presión',27.78,'25',244),(352,'IV.          Sistemas de bombeo',22.22,'20',244),(353,'V.           Hidráulica de canales',16.66,'15',244),(354,'I.             Comparativos, superlativos',33.33,'20',246),(355,'II.            Presente Perfecto',66.67,'40',246),(356,'I.      Características y aplicaciones de la maquinaria pesada en la construcción',50,'30',245),(357,'II.     Rendimiento y costo de maquinaria pesada en la construcción',50,'30',245),(358,'I.             Generalidades de los suelos',14.29,'15',243),(359,'II.            Relaciones volumétricas y gravimétricas en suelos',33.33,'35',243),(360,'III.           Clasificación e identificación de los suelos',33.33,'35',243),(361,'IV.          Compresibilidad y Consolidación',19.05,'20',243),(362,'I.             Estadística Descriptiva',33.33,'25',248),(363,'II.            Probabilidad',33.33,'25',248),(364,'III.          Estadística Inferencial',33.34,'25',248),(365,'I. Procedimientos de construcción en terracerías.',33.33,'15',249),(366,'II. Procedimientos de construcción en pavimentos flexibles.',33.33,'15',249),(367,'III. Procedimientos de construcción en pavimentos rígidos.',33.34,'15',249),(368,'      I.        Control de obra',36.67,'22',252),(369,'     II.        Seguridad en los procesos constructivos',13.33,'8',252),(370,'   III.        Instalaciones provisionales ',10,'6',252),(371,'   IV.        Supervisión de obra',40,'24',252),(372,'I. El proceso de la comunicación',33.33,'25',255),(373,'II. La comunicación efectiva en las organizaciones',66.67,'50',255),(374,'I.             Condicionales',33.34,'20',254),(375,'II.            Entorno laboral',33.33,'20',254),(376,'III.          Interpretación de textos técnicos específicos',33.33,'20',254),(377,'I.             Presupuesto',33.33,'10',253),(378,'II.            Plan de seguridad',16.67,'5',253),(379,'III.          Pruebas de materiales ',50,'15',253),(380,'I.             Resistencia al esfuerzo cortante',33.33,'35',250),(381,'II.            Mejoramiento de suelos',22.86,'24',250),(382,'III.           Empuje de tierra',24.76,'26',250),(383,'IV.          Estabilidad de taludes',19.05,'20',250),(384,'I. Cemento',16.67,'15',251),(385,'II. Morteros',22.22,'20',251),(386,'III. Concreto Fresco',33.33,'30',251),(387,'IV. Concreto Endurecido',27.78,'25',251),(388,'I.             Sistemas de Numeración',20,'18',48),(389,'II.            Álgebra',26.67,'24',48),(390,'III.          Ecuaciones e Inecuaciones',26.67,'24',48),(391,'IV.         Álgebra Lineal',26.66,'24',48),(392,'I. Sistemas Numéricos',24.44,'11',49),(393,'II. Algebra Booleana',42.23,'19',49),(394,'III. Habilidades del Pensamiento Lógico',33.33,'15',49),(395,'I.             Ofimática',33.34,'25',50),(396,'II.            Hardware',33.33,'25',50),(397,'III.          Software',33.33,'25',50),(398,'     I.        Introducción a las Redes de Datos',6.66,'5',51),(399,'    II.        Protocolos y Comunicación en la Red',6.67,'5',51),(400,'  III.        Acceso a la Red',26.67,'20',51),(401,'  IV.        Capa de Red',20,'15',51),(402,'   V.        Protocolo de Internet',20,'15',51),(403,'  VI.        Capa de transporte y capa de aplicación',20,'15',51),(404,'I. Conceptos básicos',6.67,'5',52),(405,'II. Expresiones',20,'15',52),(406,'III. Algoritmos, diagramas de flujo y pseudocódigos',73.33,'55',52),(407,'I. Bases gramaticales para la construcción de ideas',26.66,'20',54),(408,'II. Organización y estructuración de ideas',46.67,'35',54),(409,'III. Introducción a la redacción',26.67,'20',54),(410,'I.             Presentación',50,'30',53),(411,'II.            Actividades',50,'30',53),(412,'I.             Desarrollo sustentable',50,'15',55),(413,'II.            Plan de vida y carrera',50,'15',55),(414,'I.             Geometría y Trigonometría',26.66,'16',56),(415,'II.            Geometría Analítica',26.67,'16',56),(416,'III.          Funciones',26.67,'16',56),(417,'IV.         Álgebra Vectorial',20,'12',56),(418,'I. Ingeniería de requerimientos',12,'9',57),(419,'II. Modelado de software',38.67,'29',57),(420,'III. Procesos de negocios',16,'12',57),(421,'IV. Metodologías de desarrollo de software',33.33,'25',57),(422,'     I.        Introducción al enrutamiento',13.33,'12',58),(423,'    II.        Ruteo Estático',20,'18',58),(424,'  III.        Ruteo Dinámico',13.33,'12',58),(425,'  IV.        Redes Conmutadas',20,'18',58),(426,'   V.        Listas de control de acceso',20,'18',58),(427,'  VI.        Servicios de direccionamiento IP',13.34,'12',58),(428,'I.    Paradigma Orientado a Objetos (POO).',6.66,'6',59),(429,'II.   Fundamentos de Programación Orientada a Objetos.',26.67,'24',59),(430,'III.  Programación Orientada a Objetos.',66.67,'60',59),(431,'            I. Fundamentos de diseño gráfico',13.34,'6',60),(432,'            II. Proceso de diseño creativo',33.33,'15',60),(433,'          III. Creatividad digital',53.33,'24',60),(434,'I. Modelo Entidad - Relación y Relacional',26.66,'16',61),(435,'II. Normalización de Bases de Datos',26.67,'16',61),(436,'III. Lenguaje SQL',46.67,'28',61),(437,'I.             El presente continuo',16.66,'10',62),(438,'II.            La cantidad',16.67,'10',62),(439,'III.          El pasado',66.67,'40',62),(440,'I. Mecánica de grupos',33.33,'15',63),(441,'II. Dinámica de grupos',66.67,'30',63),(442,'I.             Límites y continuidad',20,'12',64),(443,'II.            La derivada',53.33,'32',64),(444,'III.          Optimización',26.67,'16',64),(445,'     I.        Introducción a Sistemas Operativos',6.66,'5',67),(446,'    II.        Instalación de sistemas operativos basados en UNIX',13.33,'10',67),(447,'  III.        Comandos básicos de sistemas operativos basados en UNIX',26.67,'20',67),(448,'  IV.        Administración básica del sistema operativo',26.67,'20',67),(449,'   V.        Instalación de servicios para aplicaciones web',26.67,'20',67),(450,'I.             Fundamentos de la Mercadotecnia.',20,'15',65),(451,'II.            Marketing Digital.',80,'60',65),(452,'I. Imágenes digitales',20,'21',66),(453,'II. Animación bidimensional',80,'84',66),(454,'I. Ambientes de desarrollo Web',13.33,'12',68),(455,'II. Desarrollo de Front end',28.9,'26',68),(456,'III. Desarrollo de Back end',44.44,'40',68),(457,'IV. Publicación de aplicaciones',13.33,'12',68),(458,'I.             Planeación del proyecto de T.I',16.67,'5',69),(459,'II.            Desarrollo del Proyecto de T.I.',83.33,'25',69),(460,'I.             Pasado simple vs pasado continuo',33.34,'20',70),(461,'II.            Invitaciones',33.33,'20',70),(462,'III.          Planes y proyectos',33.33,'20',70),(463,'I.             Liderazgo y toma de decisiones',33.33,'10',71),(464,'II.            Negociación y toma de decisiones',66.67,'20',71),(465,'I.             Estadística Descriptiva',33.34,'25',72),(466,'II.            Probabilidad',33.33,'25',72),(467,'III.          Estadística Inferencial',33.33,'25',72),(468,'I. Planeación para el desarrollo del proyecto',66.67,'50',73),(469,'II. Seguimiento, control y cierre del proyecto',33.33,'25',73),(470,'I.             Fundamentos de la animación.',20,'18',74),(471,'II.            Técnicas de animación digital bidimensional.',33.33,'30',74),(472,'III.          Principios del modelado tridimensional.',46.67,'42',74),(473,'I. Fundamentos de Realidad Aumentada ',20,'18',75),(474,'II. Desarrollo de aplicaciones de Realidad Aumentada ',80,'72',75),(475,'I.             Proceso de desarrollo Frontend.',33.33,'30',76),(476,'II.            Desarrollo Backend web.',66.67,'60',76),(477,'I.             Comparativos, superlativos',33.33,'20',77),(478,'II.            Presente Perfecto',66.67,'40',77),(479,'I. Proceso del pensamiento creativo',33.33,'15',78),(480,'II. Desarrollo de ideas',44.44,'20',78),(481,'III. Administración por valores',22.23,'10',78),(482,'I.             Audio',46.67,'35',79),(483,'II.            Video',53.33,'40',79),(484,'I.             Modelado de escenarios virtuales',27.78,'25',80),(485,'II.            Animación  de personajes tridimensionales',72.22,'65',80),(486,'I. Fundamentos de la realidad Virtual (RV)',13.34,'12',81),(487,'II. Interfaz para realidad virtual',33.33,'30',81),(488,'III. Desarrollo de aplicaciones de Realidad Aumentada',53.33,'48',81),(489,'I.             Introducción a los negocios digitales',14.28,'15',82),(490,'II.            Programación de negocios digitales',71.43,'75',82),(491,'III.          Seguridad de los negocios digitales',14.29,'15',82),(492,'     I.        La percepción del cliente para el diseño de soluciones.',33.33,'10',83),(493,'    II.        Metodología para el desarrollo de soluciones.',66.67,'20',83),(494,'I. El proceso de la comunicación',33.33,'25',85),(495,'II. La comunicación efectiva en las organizaciones',66.67,'50',85),(496,'I.             Condicionales',33.34,'20',84),(497,'II.            Entorno laboral',33.33,'20',84),(498,'III.          Interpretación de textos técnicos específicos',33.33,'20',84),(499,'I.             Fracciones y proporciones',16.67,'10',134),(500,'II.            Unidades de medida.',33.33,'20',134),(501,'III.          Introducción a la estadística descriptiva',50,'30',134),(502,'I.             Introducción a la informática.',11.66,'7',135),(503,'II.            Procesador de textos.',25,'15',135),(504,'III.          Hojas de cálculo.',41.67,'25',135),(505,'IV.         Editores de presentaciones.',21.67,'13',135),(506,'I. Manejo higiénico de los alimentos.',55.56,'25',136),(507,'II. Seguridad en el trabajo.',44.44,'20',136),(508,'I.             Antecedentes históricos de la gastronomía',26.66,'20',137),(509,'II.            Estructura de cocina',26.67,'20',137),(510,'III.          Identificación de materias primas',46.67,'35',137),(511,'I.             Técnicas de corte y métodos de cocción',23.33,'28',138),(512,'II.            Preparaciones Aromáticas y elaboración de      fondos.',33.33,'40',138),(513,'III.          Salsas y su aplicación en volatería y Huevos',43.34,'52',138),(514,'I.             Presentación',50,'30',139),(515,'II.            Actividades',50,'30',139),(516,'I. Bases gramaticales para la construcción de ideas',26.66,'20',140),(517,'II. Organización y estructuración de ideas',46.67,'35',140),(518,'III. Introducción a la redacción',26.67,'20',140),(519,'I. Desarrollo sustentable',50,'15',141),(520,'II. Plan de vida y carrera',50,'15',141),(521,'I. Estadística descriptiva',33.33,'20',142),(522,'II. Estadística inferencial',66.67,'40',142),(523,'     I.        Características nutrimentales de los alimentos',33.33,'20',143),(524,'    II.        Grupos de alimentos y sus características nutrimentales',33.33,'20',143),(525,'  III.        Sistema mexicano de alimentos equivalentes',33.34,'20',143),(526,'I. Introducción al servicio de alimentos y bebidas',25,'15',144),(527,'II. Servicio al cliente',75,'45',144),(528,'I.             Guarniciones a base de almidón y ensaladas.',23.33,'28',145),(529,'II.            Sopas cremosas y de especialidad',30,'36',145),(530,'III.          Procesamiento de pescados y mariscos.',46.67,'56',145),(531,'I.             Introducción a la panadería ',26.67,'32',146),(532,'II.            Proceso de panificación',25.83,'31',146),(533,'III.          Técnicas aplicadas en panadería ',47.5,'57',146),(534,'I.             El presente continuo',16.67,'10',147),(535,'II.            La cantidad',16.67,'10',147),(536,'III.          El pasado',66.66,'40',147),(537,'I.             Mecánica de grupos',33.33,'15',148),(538,'II.            Dinámica de grupos',66.67,'30',148),(539,'I. Introducción a los costos en servicios gastronómicos.',66.67,'40',149),(540,'II. Presupuestos en  servicios gastronómicos.',33.33,'20',149),(541,'I.             Introducción a la coctelería',13.33,'10',150),(542,'II.            Coctelería y montaje de bebidas',46.67,'35',150),(543,'III.          Cafés, tés e infusiones',40,'30',150),(544,'I. Receta estándar y técnicas de montaje',13.33,'16',151),(545,'II. Productos cárnicos: ganadería y animales de caza',50,'60',151),(546,'III. Métodos de procesamientos y conservación de productos cárnicos. ',36.67,'44',151),(547,'I.             Proceso de compra',26.67,'20',152),(548,'II.            Planeación de compras',33.33,'25',152),(549,'III.          Control de almacén',40,'30',152),(550,'I.             Introducción a la pastelería.',13.33,'14',153),(551,'II.            Preparaciones y presentaciones de pastelería.',86.67,'91',153),(552,'I.             Pasado simple vs pasado continuo',33.33,'20',154),(553,'II.            Invitaciones',33.33,'20',154),(554,'III.          Planes y proyectos',33.34,'20',154),(555,'I.             Liderazgo y toma de decisiones',33.33,'10',155),(556,'II.            Negociación y toma de decisiones',66.67,'20',155),(557,'I. Introducción a la mercadotecnia.',20,'12',156),(558,'II. Mezcla de mercadotecnia (7 P´s).',40,'24',156),(559,'III. Servicio y evaluación de la satisfacción del cliente en la industria gastronómica.',40,'24',156),(560,'I. Introducción a la vitivinicultura',50,'30',157),(561,'II. Cata y maridaje ',50,'30',157),(562,'I. Planeación en establecimientos de alimentos y bebidas',20,'15',158),(563,'II. Organización en establecimientos de alimentos y bebidas',26.67,'20',158),(564,'III. Dirección en establecimientos de alimentos y bebidas',20,'15',158),(565,'IV. Control en establecimientos de alimentos y bebidas',33.33,'25',158),(566,'I. Introducción a la repostería.',14.29,'15',159),(567,'II. Técnicas de preparación de elementos de repostería.',57.14,'60',159),(568,'III. Fundamentos de chocolatería ',28.57,'30',159),(569,'I.             Planeación de evento gastronómico',50,'15',160),(570,'II.            Ejecución del evento',50,'15',160),(571,'I.             Comparativos, superlativos',33.33,'20',161),(572,'II.            Presente Perfecto',66.67,'40',161),(573,'I.             Introducción',33.33,'30',162),(574,'II.            Actividades',33.33,'30',162),(575,'III.          Situarse en el tiempo',33.34,'30',162),(576,'I. Proceso del pensamiento creativo',33.33,'15',163),(577,'II. Desarrollo de ideas',44.44,'20',163),(578,'III. Administración por valores',22.23,'10',163),(579,'I.             Fundamentos de Investigación',33.33,'20',164),(580,'II.            Investigación aplicada',66.67,'40',164),(581,'I. Fundamentos de calidad.',33.33,'15',165),(582,'II. Instrumentos para la evaluación de la calidad del servicio de alimentos y bebidas.',66.67,'30',165),(583,'1.            I. Conformación de menús',66.67,'80',166),(584,'2.            II. Conformación de la carta',33.33,'40',166),(585,'I. Planeación  de Eventos.',60,'45',167),(586,'II. Operación de  eventos.',40,'30',167),(587,'Planeación de un evento gastronómico.',66.67,'20',168),(588,'Ejecución del evento.',33.33,'10',168),(589,'I.             Condicionales',33.33,'20',169),(590,'II.            Entorno laboral',33.33,'20',169),(591,'III.          Interpretación de textos técnicos específicos',33.34,'20',169),(592,'I.             Ubicarse en el espacio.',16.67,'10',170),(593,'II.            La cantidad.',33.33,'20',170),(594,'III.          Invitar y proponer',13.33,'8',170),(595,'IV.         ¿Qué hiciste ayer?',36.67,'22',170),(596,'I. El proceso de la comunicación',33.33,'25',171),(597,'II. La comunicación efectiva en las organizaciones',66.67,'50',171),(598,'I.             Introducción a la administración',16.67,'10',11),(599,'II.            Fases del proceso administrativo',83.33,'50',11),(600,'I. Bases gramaticales para la construcción de ideas',26.67,'20',13),(601,'II. Organización y estructuración de ideas',46.67,'35',13),(602,'III. Introducción a la redacción',26.66,'20',13),(603,'I.             Desarrollo sustentable',50,'15',14),(604,'II.            Plan de vida y carrera',50,'15',14),(605,'I.               Expresando quehaceres, opiniones y preferencias.',13.33,'18',12),(606,'II.             Voz pasiva en presente y pasado.',26.67,'36',12),(607,'III.           Intercambiando información de manera formal  y expresando hábitos del pasado.',26.67,'36',12),(608,'IV.         Expresando experiencias y carta formal.',33.33,'45',12),(609,'I.             Introducción a la informática',26.67,'16',8),(610,'II.            Procesadores de información ',73.33,'44',8),(611,'I.             Introducción al estudio del Turismo',33.33,'20',9),(612,'II.            Componentes de la actividad Turística',66.67,'40',9),(613,'I. Operaciones fundamentales',53.33,'40',7),(614,'II. Bases de matemáticas financieras',46.67,'35',7),(615,'I.             Geografía física y humana',22.22,'20',10),(616,'II.            Patrimonio natural y cultural',33.33,'30',10),(617,'III.       Inventario de atractivos naturales y culturales',27.78,'25',10),(618,'IV.      Sitios turísticos del mundo',16.67,'15',10),(619,'I. Introducción a la estadística',13.33,'10',15),(620,'II Estadística descriptiva',40,'30',15),(621,'III. Pronósticos estadísticos en el turismo',46.67,'35',15),(622,'I.             Mecánica de grupos',33.33,'15',21),(623,'II.            Dinámica de grupos',66.67,'30',21),(624,'I.             Calidad en el servicio',13.33,'10',19),(625,'II.            Instrumentos y herramientas de calidad',40,'30',19),(626,'III.          Estandarización de procesos y mejora continua',46.67,'35',19),(627,'I.             El pasado',33.32,'40',20),(628,'II.            Pasado simple vs pasado continuo',16.67,'20',20),(629,'III.          Invitaciones',16.67,'20',20),(630,'IV.         Planes y proyectos',16.67,'20',20),(631,'V.           Comparativos y superlativos',16.67,'20',20),(632,'I.             Introducción a los Servicios de Hospedaje',20,'15',18),(633,'II.            Operación de los servicios de hospedaje',46.67,'35',18),(634,'III.           Establecimientos de Alimentos y Bebidas',33.33,'25',18),(635,'I.             Servicios turísticos',66.67,'40',17),(636,'II.            Parques temáticos',33.33,'20',17),(637,'I.             Fundamentos de Sustentabilidad',58.33,'35',16),(638,'II.            Sustentabilidad en el Turismo',41.67,'25',16),(639,'I. Generalidades del capital humano',20,'12',24),(640,'II. Descripción y análisis de puestos',26.67,'16',24),(641,'III. Gestión del capital humano',53.33,'32',24),(642,'I. Liderazgo y toma de decisiones',33.33,'10',29),(643,'II. Negociación y toma de decisiones',66.67,'20',29),(644,'I. Experiencias',50,'45',28),(645,'II. How long have you been …….?',22.22,'20',28),(646,'III. Condicionales',27.78,'25',28),(647,'I. Diagnóstico de los servicios turísticos',33.33,'10',27),(648,'II. Prestación de servicios turísticos',66.67,'20',27),(649,'I. Introducción a la Mercadotecnia en el Turismo',20,'15',26),(650,'II. Segmentación de Mercado',33.33,'25',26),(651,'III. Estrategias de mercadotecnia y las Tendencias',46.67,'35',26),(652,'I. Anteproyecto de la investigación',41.33,'31',22),(653,'II. Desarrollo de la Investigación',58.67,'44',22),(654,'I. Estados Financieros',40,'36',25),(655,'II. Costos y presupuestos',26.67,'24',25),(656,'III. Administración de Almacén',33.33,'30',25),(657,'I. La agencia de viajes y su entorno',20,'15',23),(658,'II. Diseño de paquetes turísticos',46.67,'35',23),(659,'III. Servicios de transportación',33.33,'25',23),(660,'I. Introducción al departamento de ama de llaves',26.67,'20',31),(661,'II. Operación del departamento de ama de llaves',73.33,'55',31),(662,'I. Calidad en los servicios de hospedaje',44.44,'20',33),(663,'II. Mejora continua',55.56,'25',33),(664,'I. Proceso del pensamiento creativo',33.33,'15',37),(665,'II. Desarrollo de ideas',44.44,'20',37),(666,'III. Administración por valores',22.23,'10',37),(667,'I. Tag questions',50,'30',35),(668,'II. Passive Voice',50,'30',35),(669,'I. Operatividad y procedimientos del departamento de recepción',46.67,'42',32),(670,'II. Teléfonos y Bell Boys',17.78,'16',32),(671,'III. Auditoría Nocturna',35.55,'32',32),(672,'I. Introducción al departamento de reservaciones',20,'12',30),(673,'II. Operación del departamento de reservaciones',60,'36',30),(674,'III. Revenue management',20,'12',30),(675,'I. Introducción al departamento de ventas',20,'15',34),(676,'II. Proceso de ventas en hotelería',46.67,'35',34),(677,'III. Técnicas, estrategias y pronósticos de venta',33.33,'25',34),(678,'I. Generalidades de la animación turística y sociocultural',26.67,'12',39),(679,'II. Operatividad del departamento de actividades',73.33,'33',39),(680,'I. Introducción a los Centros de Consumo ',26.67,'16',41),(681,'II. Operación de Centros de Consumo de  alimentos y bebidas',73.33,'44',41),(682,'I. El proceso de la comunicación',33.33,'25',46),(683,'II. La comunicación efectiva en las organizaciones',66.67,'50',46),(684,'I. Generalidades, técnicas de enseñanza y recursos didácticos de la capacitación',33.33,'25',42),(685,'II. Impartición y evaluación de cursos de capacitación',66.67,'50',42),(686,'I. Situaciones diplomáticas',33.33,'20',44),(687,'II. Entorno Laboral',33.33,'20',44),(688,'III. Interpretación de textos técnicos específicos',33.34,'20',44),(689,'I. Supervisión de los Establecimientos de hospedaje',33.33,'10',43),(690,'II. Desarrollo de Eventos en el Sector Hotelero',66.67,'20',43),(691,'I. Planeación de Eventos',53.33,'40',40),(692,'II. Operación de Eventos',33.33,'25',40),(693,'III. Cierre de Eventos',13.34,'10',40),(694,'I. Concierge',66.67,'20',38),(695,'II. Relaciones públicas',33.33,'10',38),(696,'I.             Funciones de varias variables',20,'12',305),(697,'II.            Derivadas parciales',26.67,'16',305),(698,'III.          Integral múltiple',26.67,'16',305),(699,'IV.         Funciones vectoriales',26.66,'16',305),(700,'I.             Principios de la Termodinámica',20,'9',306),(701,'II.            Propiedades y Estado Termodinámico',40,'18',306),(702,'III.          Leyes y Sistemas de la Termodinámica',40,'18',306),(703,'     I.        Cinética y Equilibrio químico',40,'18',307),(704,'    II.        Fenómenos superficiales',33.33,'15',307),(705,'  III.        Sistemas dispersos coloidales',26.67,'12',307),(706,'I.             Estructura de la metodología de investigación',44.44,'20',308),(707,'II.            Metodología cuantitativa',33.33,'15',308),(708,'III.          Metodología cualitativa',22.23,'10',308),(709,'     I.        Planeación estratégica',33.33,'25',309),(710,'    II.        Administración de los recursos humanos',20,'15',309),(711,'  III.        Administración de recursos materiales',46.67,'35',309),(712,'I.             Administración del tiempo',40,'18',311),(713,'II.            Liderazgo',60,'27',311),(714,'I.             Tag Questions',50,'30',310),(715,'II.            Passive Voices',33.33,'20',310),(716,'III.          How long have you been….?',16.67,'10',310),(717,'I.             Ecuaciones diferenciales',40,'30',312),(718,'II.            Transformadas de Laplace',20,'15',312),(719,'III.          Métodos numéricos',40,'30',312),(720,'     I.        Diseños experimentales con arreglo factorial y en parcelas divididas',66.67,'30',313),(721,'    II.        Diseño experimental en cuadro latino',33.33,'15',313),(722,'     I.        Fundamentos de operaciones unitarias',33.34,'25',314),(723,'    II.        Separación Físico-mecánicas',33.33,'25',314),(724,'  III.        Separación Sólido-Fluido y líquido-líquido',33.33,'25',314),(725,'     I.        Gestión de la calidad',33.33,'30',315),(726,'    II.        Control Estadístico de Procesos',66.67,'60',315),(727,'I.             Situaciones diplomáticas',50,'30',316),(728,'II.            Discutiendo sobre el pasado',50,'30',316),(729,'I.             Planeación estratégica',44.44,'20',317),(730,'II.            Organización del trabajo',22.22,'10',317),(731,'III.          Análisis y evaluación',33.34,'15',317),(732,'     I.        Introducción a la bioingeniería',33.33,'20',321),(733,'    II.        Biorreactores',66.67,'40',321),(734,'     I.        Transducción de señales y ciclo celular',23.81,'25',319),(735,'    II.        La expresión génica en los organismos',23.81,'25',319),(736,'  III.        Herramientas y Técnicas de Biología Molecular',52.38,'55',319),(737,'     I.        Introducción a la conservación de bioproductos.',10,'6',320),(738,'    II.        Técnicas de conservación',73.33,'44',320),(739,'  III.        Banco de Germoplasma',16.67,'10',320),(740,'I.             Grupos y necesidades',50,'15',323),(741,'II.            Liderazgo y manejo de grupos',50,'15',323),(742,'I.             La descripción',50,'30',322),(743,'II.            Correspondencia',50,'30',322),(744,'     I.        Separación Vapor-Líquido',55.56,'25',318),(745,'    II.        Escalamiento de procesos',44.44,'20',318),(746,'     I.        Introducción a la caracterización de bioproductos.',11.11,'10',326),(747,'    II.        Técnicas de caracterización.',66.67,'60',326),(748,'  III.        Formulación, uso y manejo de bioproductos.',22.22,'20',326),(749,'I. Introducción de ingeniería económica',26.67,'20',325),(750,'II.  Estados financieros',46.67,'35',325),(751,'III. Rentabilidad de la producción agrobiotecnológica',26.66,'20',325),(752,'     I.        Introducción a la ingeniería genética.',33.33,'30',324),(753,'    II.        Vectores de expresión y métodos de transferencia de material genético.',27.78,'25',324),(754,'  III.        Técnicas de selección de clonas recombinantes.',16.67,'15',324),(755,'  IV.        Marcadores moleculares.',22.22,'20',324),(756,'I.             El discurso',50,'30',328),(757,'II.            La argumentación',50,'30',328),(758,'I. Planeación del desarrollo de un bioproducto',40,'12',327),(759,'II. Desarrollo del proceso de producción de un bioproducto',60,'18',327),(760,'I.       Factores y estilos de negociación',66.67,'20',329),(761,'II.     Análisis de problemas y toma de decisión efectiva',33.33,'10',329),(762,'I.             Funciones de varias variables',20,'12',280),(763,'II.            Derivadas parciales',26.67,'16',280),(764,'III.          Integral múltiple',26.67,'16',280),(765,'IV.         Funciones vectoriales',26.66,'16',280),(766,'I. Preproducción',40,'30',281),(767,'II. Producción',40,'30',281),(768,'III Postproducción',20,'15',281),(769,'I. Introducción al desarrollo de aplicaciones de videojuegos',20,'18',282),(770,'II. Programación orientada a objetos para videojuegos',60,'54',282),(771,'III. Distribución de la aplicación de videojuegos.',20,'18',282),(772,'     I.        Introducción a los efectos visuales (VFX).',13.33,'6',283),(773,'    II.        Desarrollo de efectos visuales. ',73.33,'33',283),(774,'  III.        Procesamiento del proyecto.',13.34,'6',283),(775,'I.             Tag Questions',50,'30',284),(776,'II.            Passive Voices',33.33,'20',284),(777,'III.          How long have you been….?',16.67,'10',284),(778,'I.             Administración del tiempo',40,'18',285),(779,'II.            Liderazgo',60,'27',285),(780,'     I.        Gestión de servidores de Bases de Datos.',13.33,'12',286),(781,'    II.        Manipulación avanzada.',40,'36',286),(782,'  III.        Manejo de transacciones.',16.67,'15',286),(783,'  IV.        Bases de datos NoSQL.',30,'27',286),(784,'I. Fundamentos de Inteligencia Artificial y Aplicaciones.',11.11,'10',287),(785,'II. Librerías de Inteligencia Artificial para Entornos Virtuales.',33.33,'30',287),(786,'III. Implementación de Inteligencia Artificial en Entornos Virtuales.',55.56,'50',287),(787,'I. Fundamentos de escenario 2D',33.33,'15',288),(788,'II. Multijugador y redes',66.67,'30',288),(789,'I. Cultura Emprendedora',20,'9',289),(790,'II. Diseño del Plan o Modelo de Negocio  ',80,'36',289),(791,'I.             Situaciones diplomáticas',50,'30',290),(792,'II.            Discutiendo sobre el pasado',50,'30',290),(793,'I.             Planeación estratégica',44.44,'20',291),(794,'II.            Organización del trabajo',22.22,'10',291),(795,'III.          Análisis y evaluación',33.34,'15',291),(796,'I.             Ecuaciones diferenciales',40,'30',292),(797,'II.            Transformadas de Laplace',20,'15',292),(798,'III.          Métodos numéricos',40,'30',292),(799,'I.             Introducción al análisis de los grandes volúmenes de datos.',13.33,'12',293),(800,'II.            Tratamiento y exploración de los datos.',53.33,'48',293),(801,'III.          Analítica de datos.',33.34,'30',293),(802,'I.                   Fundamentos de la ciberseguridad',46.67,'28',294),(803,'II.                Estándares y marcos de referencia para la ciberseguridad.',16.67,'10',294),(804,'III.             Ciberseguridad en la nube.',36.66,'22',294),(805,'I. Principios a la gestión de proyectos',26.67,'16',295),(806,'II. Planeación y ejecución del proyecto con Scrum',60,'36',295),(807,'III. Lanzamiento',13.33,'8',295),(808,'I.             La descripción',50,'30',296),(809,'II.            Correspondencia',50,'30',296),(810,'I.             Grupos y necesidades',50,'15',297),(811,'II.            Liderazgo y manejo de grupos',50,'15',297),(812,'I. Introducción a la Inteligencia de negocios.',33.33,'30',298),(813,'II. Transformación y visualización de los datos',66.67,'60',298),(814,'I.  Introducción al desarrollo de Aplicaciones Web Progresivas.',26.67,'28',299),(815,'II. Desarrollo de aplicaciones web Progresivas.',60,'63',299),(816,'III. Distribución de la Aplicación Web Progresivas',13.33,'14',299),(817,'I.             Estructuración  del proyecto',33.33,'10',300),(818,'II.            Dirección del proyecto',53.33,'16',300),(819,'III.          Presentación del proyecto',13.34,'4',300),(820,'I.   Modelo de gestión y liderazgo.',26.67,'16',301),(821,'II.  Implementación del modelo de gestión Hibrido.',73.33,'44',301),(822,'I.             El discurso',50,'30',302),(823,'II.            La argumentación',50,'30',302),(824,'I.       Factores y estilos de negociación',66.67,'20',303),(825,'II.     Análisis de problemas y toma de decisión efectiva',33.33,'10',303),(826,'I.              Enfoque de procesos en los sistemas de producción.',50,'30',333),(827,'II.            Función productiva.',50,'30',333),(828,'I.             Administración del tiempo',40,'18',336),(829,'II.            Liderazgo',60,'27',336),(830,'I. Destilados tradicionales de México',44.44,'20',334),(831,'II. Cata y maridaje ',55.56,'25',334),(832,'I.          Zona gastronómica: norte',50,'45',331),(833,'II.         Zona gastronómica: centro y Pacífico',50,'45',331),(834,'I.     Verifying Information',33.33,'20',335),(835,'II.   Posibiliteis',33.33,'20',335),(836,'III. What have you been doing?',33.34,'20',335),(837,'I.             Fundamentos del Patrimonio de México.',40,'30',332),(838,'II.            Patrimonio Culinario de México.',60,'45',332),(839,'I.              Cocina francesa',33.33,'40',338),(840,'II.            Cocina italiana',33.33,'40',338),(841,'III.          Cocina española',33.34,'40',338),(842,'I.          Zona gastronómica: sur',50,'45',337),(843,'II.         Cocina Regional',50,'45',337),(844,'I.             Diseño de carta ',50,'30',339),(845,'II.            Rentabilidad y popularidad platillos',50,'30',339),(846,'I.             Situaciones diplomáticas',50,'30',340),(847,'II.            Discutiendo sobre el pasado',50,'30',340),(848,'I.             Planeación estratégica',44.44,'20',341),(849,'II.            Organización del trabajo',22.22,'10',341),(850,'III.          Análisis y evaluación',33.34,'15',341),(851,'I.             Cocina China',33.33,'40',343),(852,'II.            Cocina de Japón',26.67,'32',343),(853,'III.          Cocina Thai',20,'24',343),(854,'IV. Cocina Hindú',20,'24',343),(855,'I.             Conceptos gastronómicos',55.56,'25',344),(856,'II.            Instalaciones y equipamiento',44.44,'20',344),(857,'I.      Operaciones contables',66.67,'40',342),(858,'II.     Estado de costos de producción y de ventas',33.33,'20',342),(859,'I.             Grupos y necesidades',50,'15',347),(860,'II.            Liderazgo y manejo de grupos',50,'15',347),(861,'I.    Descriptions 1',33.33,'20',346),(862,'II.  Descriptions 2',33.33,'20',346),(863,'III. Descriptions 3',33.34,'20',346),(864,'I.      Introducción a la mixología.',33.33,'20',345),(865,'II.     Técnicas aplicadas a la mixología.',66.67,'40',345),(866,'I. Análisis de estados financieros',66.67,'40',348),(867,'II. Razones financieras básicas',33.33,'20',348),(868,'I.              Introducción a la cocina contemporánea',6.67,'6',349),(869,'II.            Tendencias gastronómicas',53.33,'48',349),(870,'III.       Cocina de autor',40,'36',349),(871,'I.             Elementos de modelo de negocios.',50,'30',351),(872,'II.            Plan de apertura',50,'30',351),(873,'I.             Certificaciones para establecimientos de alimentos y bebidas',33.33,'15',350),(874,'II.            Herramientas administrativas para la gestión de calidad',66.67,'30',350),(875,'I.             El discurso',50,'30',353),(876,'II.            La argumentación',50,'30',353),(877,'I.              Planeación del proyecto gastronómico',66.67,'20',352),(878,'II.            Desarrollo del proyecto gastronómico',33.33,'10',352),(879,'I.       Factores y estilos de negociación',66.67,'20',354),(880,'II.     Análisis de problemas y toma de decisión efectiva',33.33,'10',354),(881,'I. Planeación del Proyecto',50,'30',358),(882,'II. Desarrollo del Proyecto',50,'30',358),(883,'I.             Administración del tiempo',40,'18',361),(884,'II.            Liderazgo',60,'27',361),(885,'I.             Tag Questions',50,'30',360),(886,'II.            Passive Voices',33.33,'20',360),(887,'III.          How long have you been….?',16.67,'10',360),(888,'I. Investigación cualitativa',40,'24',359),(889,'II. Análisis e interpretación de datos cualitativos',60,'36',359),(890,'I. Introducción a la Pedagogía Empresarial',27.78,'25',357),(891,'II. El Aprendizaje en la Capacitación',33.33,'30',357),(892,'III. Técnicas de Enseñanza y Recursos Didácticos',38.89,'35',357),(893,'I. Generalidades de Sociología del Trabajo',25,'15',356),(894,'II. Brecha Etaria y Generacional',41.67,'25',356),(895,'III. Ética en la Gestión de Capital Humano',33.33,'20',356),(896,'I. Normativa aplicable a la capacitación',25,'30',362),(897,'II. Diseño de cursos de capacitación',41.67,'50',362),(898,'III. Ejecución y evaluación de la capacitación',33.33,'40',362),(899,'I. Gestión de Clima en la organización',38.89,'35',363),(900,'II. Gestión de cultura organizacional',38.89,'35',363),(901,'III. Marketing interno',22.22,'20',363),(902,'I.             Situaciones diplomáticas',50,'30',365),(903,'II.            Discutiendo sobre el pasado',50,'30',365),(904,'I. Inteligencia Emocional',26.67,'16',364),(905,'II. Modelos y técnicas de inteligencia emocional',40,'24',364),(906,'III. Inteligencia emocional en el trabajo',33.33,'20',364),(907,'I.             Planeación estratégica',44.44,'20',366),(908,'II.            Organización del trabajo',22.22,'10',366),(909,'III.          Análisis y evaluación',33.34,'15',366),(910,'I.             Grupos y necesidades',50,'15',371),(911,'II.            Liderazgo y manejo de grupos',50,'15',371),(912,'I. Cambio Organizacional',38.1,'40',369),(913,'II. Implementación del cambio organizacional',38.1,'40',369),(914,'III. Impacto del cambio organizacional',23.8,'25',369),(915,'I. Empowerment',20,'18',368),(916,'II. Coaching',20,'18',368),(917,'III. Involvement',14.44,'13',368),(918,'IV. Performance Management',20,'18',368),(919,'V. Mentoring',25.56,'23',368),(920,'I.             La descripción',50,'30',370),(921,'II.            Correspondencia',50,'30',370),(922,'I. Proceso de Sistema de Gestión de la Calidad',20,'15',367),(923,'II. Medición del Sistema de Gestión de la Calidad',46.67,'35',367),(924,'III. Herramientas de mejora continua',33.33,'25',367),(925,'I. Competencia y evaluación de auditores ',20,'18',372),(926,'II. Planificación de auditoría',33.33,'30',372),(927,'III. Desarrollo y cierre de la auditoría',46.67,'42',372),(928,'I. Outsourcing',27.78,'25',373),(929,'II. Servicios de Consultoría en Capital Humano',44.44,'40',373),(930,'III. Administración de Servicios de Consultoría',27.78,'25',373),(931,'I.             El discurso',50,'30',376),(932,'II.            La argumentación',50,'30',376),(933,'I. Gestión de la capacitación',33.33,'10',375),(934,'II. Gestión del cambio',50,'15',375),(935,'III. Consultoría en capital humano',16.67,'5',375),(936,'I.       Factores y estilos de negociación',66.67,'20',377),(937,'II.     Análisis de problemas y toma de decisión efectiva',33.33,'10',377),(938,'I. Responsabilidad social corporativa',27.78,'25',374),(939,'II. Inclusión laboral',27.78,'25',374),(940,'III. Equidad de género',27.78,'25',374),(941,'IV. Calidad de vida en el trabajo',16.66,'15',374),(942,'I.             Administración del tiempo',40,'18',262),(943,'II.            Liderazgo',60,'27',262),(944,'I. Información estadística del sector turístico',33.33,'20',258),(945,'II. Investigación y herramientas tecnológicas',66.67,'40',258),(946,'I. Herramientas de calidad',26.67,'20',259),(947,'II. Responsabilidad social en el sector turístico',26.67,'20',259),(948,'III. Gestión de calidad',46.66,'35',259),(949,'I. Diagnóstico del capital humano',50,'30',260),(950,'II. Desarrollo del capital humano',50,'30',260),(951,'I.             Tag Questions',50,'30',261),(952,'II.            Passive Voices',33.33,'20',261),(953,'III.          How long have you been….?',16.67,'10',261),(954,'I. Control aplicado al turismo',66.67,'40',265),(955,'II. Optimización de tiempos en la actividad turística',33.33,'20',265),(956,'I. Matemáticas financieras',33.33,'30',263),(957,'II. Presupuestos y sistema de costeo',44.44,'40',263),(958,'III. Análisis e interpretación de estados financieros proforma',22.23,'20',263),(959,'I. Vocación Turística',26.67,'32',264),(960,'II. Administración Pública del Turismo',20,'24',264),(961,'III. Gobernanza en el Turismo',13.33,'16',264),(962,'IV. Planeación Turística',40,'48',264),(963,'I.             Situaciones diplomáticas',50,'30',266),(964,'II.            Discutiendo sobre el pasado',50,'30',266),(965,'I.             Planeación estratégica',44.44,'20',267),(966,'II.            Organización del trabajo',22.23,'10',267),(967,'III.          Análisis y evaluación',33.33,'15',267),(968,'I. Introducción al emprendimiento',26.67,'20',268),(969,'II. Estudio de mercado',73.33,'55',268),(970,'I.             Grupos y necesidades',50,'15',272),(971,'II.            Liderazgo y manejo de grupos',50,'15',272),(972,'I.             La descripción',50,'30',271),(973,'II.            Correspondencia',50,'30',271),(974,'I. Turismo responsable',16.67,'20',269),(975,'II. Innovación en el Diseño de Experiencias Turísticas',50,'60',269),(976,'III. Implementación y evaluación de experiencias turísticas',33.33,'40',269),(977,'I.- Marketing digital aplicado al turismo ',46.67,'35',270),(978,'II.- Estrategias de mercadotecnia en el sector turístico',53.33,'40',270),(979,'I. Estudio técnico y organizacional',33.33,'30',273),(980,'II. Estudio y evaluación financiera',50,'45',273),(981,'III. Presentación del plan de negocios',16.67,'15',273),(982,'I. De ciudades a destinos inteligentes',20,'18',275),(983,'II. Tecnología aplicada al turismo',33.33,'30',275),(984,'III. Gestión de destinos turísticos inteligentes',46.67,'42',275),(985,'I.             El discurso',50,'30',277),(986,'II.            La argumentación',50,'30',277),(987,'I. Desarrollo sustentable',16.67,'15',274),(988,'II. Áreas naturales protegidas y unidades de manejo ambiental',16.67,'15',274),(989,'III. Evaluación de impacto ambiental',44.44,'40',274),(990,'IV. Certificaciones de sustentabilidad para el turismo',22.22,'20',274),(991,'I. Gestión de empresas turísticas',20,'6',276),(992,' II. Desarrollo de proyectos turísticos',40,'12',276),(993,'III. Gestión de destinos turísticos',40,'12',276),(994,'I.       Factores y estilos de negociación',66.67,'20',278),(995,'II.     Análisis de problemas y toma de decisión efectiva',33.33,'10',278);
/*!40000 ALTER TABLE `utmir_unidades_asignatura` ENABLE KEYS */;
UNLOCK TABLES;
/*!40103 SET TIME_ZONE=@OLD_TIME_ZONE */;

/*!40101 SET SQL_MODE=@OLD_SQL_MODE */;
/*!40014 SET FOREIGN_KEY_CHECKS=@OLD_FOREIGN_KEY_CHECKS */;
/*!40014 SET UNIQUE_CHECKS=@OLD_UNIQUE_CHECKS */;
/*!40101 SET CHARACTER_SET_CLIENT=@OLD_CHARACTER_SET_CLIENT */;
/*!40101 SET CHARACTER_SET_RESULTS=@OLD_CHARACTER_SET_RESULTS */;
/*!40101 SET COLLATION_CONNECTION=@OLD_COLLATION_CONNECTION */;
/*!40111 SET SQL_NOTES=@OLD_SQL_NOTES */;

-- Dump completed on 2024-04-17 17:30:01
